Date,X1_Technical,X2_Capital,X3_Macro,X4_Sentiment,PCA_Component_1,PCA_Component_2,Predicted_Return,Signal
2025-01-01,-0.11435626290900672,0.24724658179135067,0.41425928027237896,0.0,0.40212879340323227,-0.15180122767756854,-0.03010628621198566,🔴 偏空 (SELL)
2025-01-02,0.04954333298679747,0.18882056180621573,0.43232952399128277,0.0,0.4219266153570479,-0.0349146783834371,0.022428727707210695,🟢 偏多 (BUY)
2025-01-03,0.05447231199247447,0.13952497958148014,0.6284892698749771,0.0,0.6186756639412794,-0.030102178798969002,0.024066167246139657,🟢 偏多 (BUY)
2025-01-04,0.11695435379603739,0.18422575004859112,0.8662764503089477,0.0,0.8562494329623569,0.016189133047987872,0.044255725233911795,🟢 偏多 (BUY)
2025-01-05,0.1607705333151352,0.22894158809977536,0.3754202462419714,0.0,0.3652292352087046,0.04405175262844935,0.05810838458081258,🟢 偏多 (BUY)
2025-01-06,0.21208021589573714,0.2707899791107742,-0.4811952211571143,0.0,-0.49138563132698787,0.07468189966499363,0.0741868083708846,🟢 偏多 (BUY)
2025-01-07,0.1216375317587002,0.11767349025387108,-0.48013520403285437,0.0,-0.48901312891149806,0.009957727208543779,0.045060563750876,🟢 偏多 (BUY)
2025-01-08,0.27972210245101065,0.1722375222589668,0.5668061264941787,0.0,0.5580034622640095,0.13011273742308282,0.09631077638516508,🟢 偏多 (BUY)
2025-01-09,0.10906331839625183,0.15954240223971364,0.1719164772468187,0.0,0.16230017946360575,0.005643249970015099,0.04137243296767592,🟢 偏多 (BUY)
2025-01-10,0.26783293206500636,0.1314221895778474,-0.47139093858936687,0.0,-0.4795322248974269,0.11427372290229555,0.09196766625937852,🟢 偏多 (BUY)
2025-01-11,0.36892488273418705,0.1982707755118786,0.44658772167597766,0.0,0.43804710271504915,0.19290869580552045,0.12488489815535432,🟢 偏多 (BUY)
2025-01-12,0.24613340635510367,0.20652567639106229,-0.5690837623890767,0.0,-0.5782565549274852,0.09823839891796417,0.08501806412999915,🟢 偏多 (BUY)
2025-01-13,0.3231434230456457,0.1842073949107726,0.3360502149554228,0.0,0.32742279662982676,0.15946842829059876,0.1101366032885393,🟢 偏多 (BUY)
2025-01-14,0.2441655279759018,0.17903891615562798,-0.755356557963982,0.0,-0.7641629089736646,0.09548158963984783,0.08427641144016004,🟢 偏多 (BUY)
2025-01-15,0.3733602914196329,0.21941832242791084,-1.6002407561335337,0.0,-1.6085480593808774,0.1817211078831869,0.12534109629314102,🟢 偏多 (BUY)
2025-01-16,0.2846421614291187,0.10653128807430953,-0.32386581267725556,0.0,-0.3316317131774173,0.12725435276102726,0.09741103392481948,🟢 偏多 (BUY)
2025-01-17,0.5235850117928522,0.17561327174914756,0.07326906950142732,0.0,0.06604983788614266,0.30051551383303055,0.1742958035836795,🟢 偏多 (BUY)
2025-01-18,0.40238577840044354,0.1352337811693702,-0.7950031963796865,0.0,-0.8022830206582908,0.20793714777474104,0.1349732429747587,🟢 偏多 (BUY)
2025-01-19,0.41755079890145835,0.10581836772893659,0.436116449569459,0.0,0.4290112233023658,0.2273532208937813,0.14040598004747407,🟢 偏多 (BUY)
2025-01-20,0.33569513485163105,0.09362900744558386,0.29273855250300124,0.0,0.28530727402826517,0.1679655769609818,0.11407249926522095,🟢 偏多 (BUY)
2025-01-21,0.22874728207666145,0.1567971291251499,0.07168094139445316,0.0,0.06286340839489533,0.09026481729923459,0.07971101697374794,🟢 偏多 (BUY)
2025-01-22,0.511925563305308,0.06077574237248463,0.7573578659015414,0.0,0.7513163515054355,0.29682335969718143,0.17079658795575198,🟢 偏多 (BUY)
2025-01-23,0.36561426512707734,-0.012567317441156606,-0.6764704569523867,0.0,-0.6821965765508832,0.1823128308692052,0.12312256696414703,🟢 偏多 (BUY)
2025-01-24,0.30577426013140885,0.059356874557101494,-0.19306597645622858,0.0,-0.20015318597096995,0.14316323447845158,0.10421589226261567,🟢 偏多 (BUY)
2025-01-25,0.3663513552448586,0.06027011682042149,-0.8023769137580996,0.0,-0.8089612271184398,0.1820720618254299,0.12335426365006547,🟢 偏多 (BUY)
2025-01-26,0.3390956380303974,0.033537582940411904,-0.3108505082227759,0.0,-0.31738832276398393,0.1660504435317109,0.11482747528153843,🟢 偏多 (BUY)
2025-01-27,0.3502219736335042,0.007298335445684794,-0.2012084966721801,0.0,-0.2073810781399461,0.1747109487067055,0.11842882810051482,🟢 偏多 (BUY)
2025-01-28,0.28131421770631376,0.0021460858708984877,-0.3756835041483573,0.0,-0.38218087777491727,0.12434762093536574,0.09623886178913962,🟢 偏多 (BUY)
2025-01-29,0.3006637156757945,-0.019966789240633786,0.7111844330798345,0.0,0.70483099257191,0.14574521950831298,0.10295010991136988,🟢 偏多 (BUY)
2025-01-30,0.3319894457464863,0.0065040025157629446,0.05922984666983411,0.0,0.05289477170418993,0.16354076251402422,0.11270514209560109,🟢 偏多 (BUY)
2025-01-31,0.23621570376395015,-0.018964637378916085,0.5349644830952257,0.0,0.528238996781283,0.09855928472203375,0.08219448325796272,🟢 偏多 (BUY)
2025-02-01,0.20499757178766959,0.0041737459171805255,-0.5737726077976865,0.0,-0.5807232358728037,0.06854774937306994,0.07166663906607919,🟢 偏多 (BUY)
2025-02-02,0.12803974043234526,-0.0806772837265683,0.04561699832717783,0.0,0.03908675885371334,0.017894266893212663,0.04721475051204536,🟢 偏多 (BUY)
2025-02-03,0.14328354434012958,-0.04591892063943527,-0.17178969427252563,0.0,-0.17860138038291284,0.027291278743201017,0.05202643945813409,🟢 偏多 (BUY)
2025-02-04,0.08215438676087111,-0.032664653173455536,-0.19774719585256498,0.0,-0.20509438203477318,-0.016452506911370054,0.03241685090727459,🟢 偏多 (BUY)
2025-02-05,0.03279717365808529,-0.11446363620062244,0.18416681388536596,0.0,0.17742778069401177,-0.04909163767052775,0.016706228036410045,🟢 偏多 (BUY)
2025-02-06,0.10942945614701136,-0.03913889230958091,0.1490217731499176,0.0,0.14184429608862148,0.005420074652012552,0.04132689350755057,🟢 偏多 (BUY)
2025-02-07,-0.04290948680924536,-0.0832116246328898,1.430350663582926,0.0,1.4224767034602268,-0.09425927977127288,-0.00695461714599651,🔴 偏空 (SELL)
2025-02-08,0.17585152955422023,-0.10374101904000327,0.8914443956135996,0.0,0.885300993296817,0.05788899248631642,0.06293887354430655,🟢 偏多 (BUY)
2025-02-09,-0.04190025448728759,-0.0926948748371772,-0.5596044598276505,0.0,-0.5669044236786868,-0.10753977454297,-0.007593498218234254,🔴 偏空 (SELL)
2025-02-10,-0.06917783076260095,-0.09112560061615893,1.534317187170732,0.0,1.5263535288133185,-0.11226992730890957,-0.015336368340497265,🔴 偏空 (SELL)
2025-02-11,-0.09484669200071738,-0.20738461170325148,-0.7109677138346782,0.0,-0.7171582455619664,-0.14653908009057703,-0.024736547017547586,🔴 偏空 (SELL)
2025-02-12,-0.06858195447973753,-0.10519540631086177,0.01494516944214549,0.0,0.007502256859163019,-0.12254552430711861,-0.015885424662862774,🔴 偏空 (SELL)
2025-02-13,-0.2513265793950172,-0.20249320090521328,-0.3771717790186064,0.0,-0.3844686036538279,-0.25574998320456316,-0.07476370739415697,🔴 偏空 (SELL)
2025-02-14,-0.1422993849078952,-0.10474855621890854,-0.5874515562435708,0.0,-0.5952204840949866,-0.17933613169723422,-0.039819254867671475,🔴 偏空 (SELL)
2025-02-15,-0.14165226505230083,-0.11292642952799697,0.3858375425078995,0.0,0.3779517855595527,-0.1720481794850134,-0.03915068871373112,🔴 偏空 (SELL)
2025-02-16,-0.3606849865266392,-0.1657974910369117,-1.2193165141577902,0.0,-1.2275496155638375,-0.3395772151477319,-0.11021680140393031,🔴 偏空 (SELL)
2025-02-17,-0.3609890629275351,-0.15416322069448493,0.4429779918369757,0.0,0.4342233185762399,-0.328093136451005,-0.1095073986367216,🔴 偏空 (SELL)
2025-02-18,-0.317691868064931,-0.24215448370343007,0.6635458242910148,0.0,0.6560864539677779,-0.29581689161412916,-0.0955811817111113,🔴 偏空 (SELL)
2025-02-19,-0.4869753656464264,-0.1941862891523241,-0.09015114696902171,0.0,-0.09907654114618031,-0.4217286823323441,-0.15020425024174036,🔴 偏空 (SELL)
2025-02-20,-0.4012341095860234,-0.18760352314370124,1.1485381296126707,0.0,1.139782884455273,-0.3518824614282536,-0.12210291111999325,🔴 偏空 (SELL)
2025-02-21,-0.30325587140996935,-0.17979893280750572,0.4519794785567836,0.0,0.4438946057255023,-0.28690986400001744,-0.09100468295888847,🔴 偏空 (SELL)
2025-02-22,-0.40918136979976993,-0.18892186046457732,1.1645622455023912,0.0,1.1557701981706512,-0.35743811232412637,-0.12464532201244957,🔴 偏空 (SELL)
2025-02-23,-0.34597380082831347,-0.16124066381936375,0.2454202905728324,0.0,0.23689021129392945,-0.31878765753910254,-0.10479148927433055,🔴 偏空 (SELL)
2025-02-24,-0.5356663054144107,-0.13207334554436578,1.2983721543507654,0.0,1.288069448143595,-0.4465845409405751,-0.16510782129628965,🔴 偏空 (SELL)
2025-02-25,-0.4093958417428718,-0.2291431669151821,0.38326180877509736,0.0,0.37513797889271067,-0.3631471445848685,-0.1251199700853295,🔴 偏空 (SELL)
2025-02-26,-0.35360800118804203,-0.2750224274517963,-0.17047844333442844,0.0,-0.17756907810524714,-0.3273385061989449,-0.1075268759998485,🔴 偏空 (SELL)
2025-02-27,-0.41457248288336496,-0.1127373556643688,-0.9324586091087026,0.0,-0.9417404154844655,-0.37589483174600025,-0.12732298919365104,🔴 偏空 (SELL)
2025-02-28,-0.4040799059019351,-0.15130823655779746,1.1387472543656267,0.0,1.129532416826891,-0.3539211552157024,-0.12299263963880902,🔴 偏空 (SELL)
2025-03-01,-0.26530073445956226,-0.17963663885317263,-1.1031503332797905,0.0,-1.1106487633750113,-0.27077775504757134,-0.07957698148974593,🔴 偏空 (SELL)
2025-03-02,-0.47362757045505044,-0.12778572841255992,0.5286164363357208,0.0,0.5188208174684027,-0.40775566638143657,-0.14557507193578353,🔴 偏空 (SELL)
2025-03-03,-0.4397072756845296,-0.1856278914687849,0.20433609533001706,0.0,0.19553233590222577,-0.38594473310391636,-0.13489501701949855,🔴 偏空 (SELL)
2025-03-04,-0.44157174131574956,-0.18124938354939013,-0.2178806035700058,0.0,-0.22665367453330654,-0.3902340762791997,-0.1356923957475079,🔴 偏空 (SELL)
2025-03-05,-0.3861469215898203,-0.20933134934826375,0.20643075634307895,0.0,0.1982488344565411,-0.34778194070232216,-0.11773258270529274,🔴 偏空 (SELL)
2025-03-06,-0.4441201720374069,-0.23609318397576512,-0.22326757046990664,0.0,-0.23138407861307608,-0.3921781250673875,-0.13655434923575335,🔴 偏空 (SELL)
2025-03-07,-0.24307342504077037,-0.1602530600668606,-0.731125234538576,0.0,-0.7388074340465394,-0.2522844788489787,-0.07225410951637772,🔴 偏空 (SELL)
2025-03-08,-0.39364108187431535,-0.21957580294826473,1.3531843491764852,0.0,1.344821012857011,-0.34508275835555563,-0.11959364790154547,🔴 偏空 (SELL)
2025-03-09,-0.22944226230347722,-0.1651061223595273,0.2009691482321553,0.0,0.19321932489499566,-0.23602345080854176,-0.06743812611975453,🔴 偏空 (SELL)
2025-03-10,-0.44648511766696264,-0.174284331254069,-1.0724112679687277,0.0,-1.0811060883260144,-0.39973110595925665,-0.1376732840084294,🔴 偏空 (SELL)
2025-03-11,-0.11358333292455185,-0.12083897963641457,-0.15375142360581256,0.0,-0.16124375796156354,-0.1558409117143934,-0.030412637216634425,🔴 偏空 (SELL)
2025-03-12,-0.0977965335774685,-0.1374580131359872,1.2587371995326098,0.0,1.251225557504032,-0.13468611931832075,-0.0246836029225887,🔴 偏空 (SELL)
2025-03-13,-0.030866833957071266,-0.18569085891368053,0.054238727377291567,0.0,0.048005907742723626,-0.09551082669547015,-0.0038309583452612248,🟡 觀望 (HOLD)
2025-03-14,0.09037299549675595,-0.1698017445433165,-0.0442920129093787,0.0,-0.04994484086925263,-0.00973767660274387,0.03502174525575768,🟢 偏多 (BUY)
2025-03-15,0.010099135373269216,-0.1110416690079395,0.7236314541541712,0.0,0.7165872963586097,-0.0614778287835009,0.009687403647138004,🟢 偏多 (BUY)
2025-03-16,-0.12941454862625992,-0.10885047959575386,-0.104985936100719,0.0,-0.112734251515045,-0.16676579701111777,-0.03545794030760811,🔴 偏空 (SELL)
2025-03-17,0.08408772130090401,-0.07296612543535551,-0.5955511537812799,0.0,-0.602302865314312,-0.017935299279677908,0.03281516286603922,🟢 偏多 (BUY)
2025-03-18,-0.05677643468366157,-0.07240068954175735,0.4744708284687182,0.0,0.4665955192631852,-0.11084587342344457,-0.011853090249530893,🔴 偏空 (SELL)
2025-03-19,0.1688230872083562,-0.08664664991525019,-1.205156805589606,0.0,-1.2110771061059638,0.038171703859899125,0.05969102927407613,🟢 偏多 (BUY)
2025-03-20,0.20911656531520015,-0.05704574016311335,-0.30455673596736704,0.0,-0.3107937500675698,0.07327676274680221,0.07307022587440065,🟢 偏多 (BUY)
2025-03-21,0.14187725797326137,-0.08954063353376027,1.5405489737061782,0.0,1.5338737118596728,0.03825129016125274,0.05236406225607476,🟢 偏多 (BUY)
2025-03-22,0.24986020215072546,-0.008380623436741785,0.04800825288698482,0.0,0.04134841467153101,0.10488242154647769,0.08634529415753192,🟢 偏多 (BUY)
2025-03-23,0.27412185862365257,-0.07395767938751535,0.46091693904173603,0.0,0.4551163726135301,0.12497516844182412,0.09427532008009376,🟢 偏多 (BUY)
2025-03-24,0.10503997023429475,-0.004560265966625808,0.3759074120041012,0.0,0.36822805293463445,0.003941258906258557,0.040054334952286226,🟢 偏多 (BUY)
2025-03-25,0.08258213488763672,-0.028407916085833325,-0.20951887743002234,0.0,-0.216912829875273,-0.016223337041427914,0.032551656703765044,🟢 偏多 (BUY)
2025-03-26,0.4890740930732397,-0.03826113853162466,1.0088016311430799,0.0,1.0037732513260922,0.28213694510617604,0.16351189769928698,🟢 偏多 (BUY)
2025-03-27,0.22542249143573503,0.023623473213086006,-0.6089650056297085,0.0,-0.6160189618522643,0.08289433098387415,0.07821594519137956,🟢 偏多 (BUY)
2025-03-28,0.2987692214369509,0.0655355208054946,1.2204389226030217,0.0,1.21291180797054,0.14811249097553725,0.10265233907017889,🟢 偏多 (BUY)
2025-03-29,0.26311908473046164,0.01314254552616913,-0.6645512628596234,0.0,-0.6712305043930593,0.10936297998026227,0.09027247865783812,🟢 偏多 (BUY)
2025-03-30,0.40318606475231916,0.10095411012969367,0.8175667265168451,0.0,0.8103453371819377,0.21978443570812167,0.1359778765988668,🟢 偏多 (BUY)
2025-03-31,0.4027420406812675,0.020656491674017615,0.8016594307050783,0.0,0.7954215359548924,0.21922539981982875,0.13576639231221405,🟢 偏多 (BUY)
2025-04-01,0.41823683210639795,0.031994161097096574,1.4794486892841658,0.0,1.473014320593396,0.23505432265978854,0.14107043590203328,🟢 偏多 (BUY)
2025-04-02,0.4080181271740144,0.09632224789894656,-0.06732725227292068,0.0,-0.0742611299283642,0.21700330711570825,0.13709940372251012,🟢 偏多 (BUY)
2025-04-03,0.41230347423622393,0.026965209799762913,-1.4719288932493202,0.0,-1.4776686147928477,0.21007476153495497,0.1377465559017665,🟢 偏多 (BUY)
2025-04-04,0.39562391314449197,0.10829394961874415,-0.10288371806659297,0.0,-0.1100329113557363,0.2079362746152113,0.13311602970821376,🟢 偏多 (BUY)
2025-04-05,0.3792437112982688,0.110489197157406,0.786828360529963,0.0,0.779348745018345,0.20251388104851853,0.1282908691991907,🟢 偏多 (BUY)
2025-04-06,0.43905108995263914,0.0765805907514818,0.6085070409857326,0.0,0.6018538505533914,0.2438460831591306,0.14736262472211203,🟢 偏多 (BUY)
2025-04-07,0.4629603256382322,0.1295983548910438,-0.7947150869168562,0.0,-0.8015502601567717,0.25111752007722205,0.15439844433666464,🟢 偏多 (BUY)
2025-04-08,0.2578581249673164,0.1260239353526141,-1.0392152680775284,0.0,-1.0472234825639446,0.10316280951639596,0.08849150125535553,🟢 偏多 (BUY)
2025-04-09,0.4364645432025956,0.026480316158298003,0.9069942721848806,0.0,0.9008703853317712,0.2440180847762824,0.14663795834478627,🟢 偏多 (BUY)
2025-04-10,0.26385659486207047,0.1249483901668536,-1.0243752326416475,0.0,-1.0323364441984184,0.10754204680079703,0.09042182083473585,🟢 偏多 (BUY)
2025-04-11,0.26091812999825426,0.11685687608487755,-0.027056869660098133,0.0,-0.035163663283750285,0.11244261201555984,0.08995190753242263,🟢 偏多 (BUY)
2025-04-12,0.3551661133990682,0.1443507288908076,-0.09949410102999336,0.0,-0.10733627272646382,0.17917378639537646,0.1201683416888889,🟢 偏多 (BUY)
2025-04-13,0.4004588977295899,0.19596820732672454,0.5975352886681885,0.0,0.5891841951309428,0.21644838977582698,0.13507018489518835,🟢 偏多 (BUY)
2025-04-14,0.15507970561653256,0.09327366868913771,1.425370522959279,0.0,1.4165661201505972,0.047152244815519495,0.056683320977694386,🟢 偏多 (BUY)
2025-04-15,0.37528941513970854,0.22595058682461247,0.8382583730182838,0.0,0.8293296014692912,0.20024393273163676,0.1271355392651686,🟢 偏多 (BUY)
2025-04-16,0.2802161972686341,0.24078909843893428,-0.044899211512548734,0.0,-0.05439886100425418,0.12627774631884425,0.09622803064774246,🟢 偏多 (BUY)
2025-04-17,0.1196813633475232,0.24315668058001136,-0.5839364146257159,0.0,-0.5943385073806627,0.008037779560451583,0.044479279145678396,🟢 偏多 (BUY)
2025-04-18,0.307387193065749,0.19149283527770775,-1.1045316993603898,0.0,-1.1130190243022196,0.1381228133403058,0.10439674709382084,🟢 偏多 (BUY)
2025-04-19,0.24292545627763468,0.17570460749722275,0.47950005674525703,0.0,0.47044652595673425,0.10327011488716158,0.0844689369444038,🟢 偏多 (BUY)
2025-04-20,0.11722120460997695,0.18824474564007634,-0.5935293505117267,0.0,-0.6032725444076475,0.006126996839754567,0.043643567697929715,🟢 偏多 (BUY)
2025-04-21,0.11444683087605846,0.15674093097962322,0.14172675762312198,0.0,0.13218498999959324,0.009264784473776641,0.04308256584040713,🟢 偏多 (BUY)
2025-04-22,0.148775343370438,0.22856462255775054,-0.17098401084412435,0.0,-0.18112079256090002,0.03165908053966282,0.05399830339838206,🟢 偏多 (BUY)
2025-04-23,0.00749494037187479,0.20048225599769964,0.3608781131632203,0.0,0.35008788072010005,-0.06537685543968712,0.008916263200695846,🟢 偏多 (BUY)
2025-04-24,-0.017654742928030237,0.23179134116509834,1.4322376623027955,0.0,1.4206650992105219,-0.07572765616931923,0.0013877557672199795,🟡 觀望 (HOLD)
2025-04-25,-0.03314465315211794,0.21093250012290418,-0.2773523295551221,0.0,-0.288377672815691,-0.09881967634141109,-0.0044173534329986774,🟡 觀望 (HOLD)
2025-04-26,-0.029882096077171842,0.16210588403054504,1.4192652061678996,0.0,1.4084725118962873,-0.08464989604186174,-0.002593721382436867,🟡 觀望 (HOLD)
2025-04-27,-0.17404795020618724,0.22074410992901664,0.8886293172188321,0.0,0.8763452027112774,-0.19106874376571617,-0.04904501956322713,🔴 偏空 (SELL)
2025-04-28,-0.09024424466162907,0.1225031581080079,0.43143899004842745,0.0,0.42098071588650926,-0.13469247698563452,-0.02245949999485554,🔴 偏空 (SELL)
2025-04-29,-0.04841722543049448,0.18740001327912129,-0.1203679364693153,0.0,-0.13123567286400162,-0.10864355438054589,-0.009258689883981763,🔴 偏空 (SELL)
2025-04-30,-0.2761883943409393,0.18643800667125757,-0.49130362960283763,0.0,-0.5034882969458636,-0.27364472770188475,-0.08249543828472503,🔴 偏空 (SELL)
2025-05-01,-0.14351811630683514,0.2142758373809663,0.2892374069838327,0.0,0.27735788036431847,-0.1735248605663296,-0.03954523564965126,🔴 偏空 (SELL)
2025-05-02,-0.22657247769618066,0.20401077558543387,0.33181073417548346,0.0,0.3195319634574477,-0.2324572110843981,-0.06617245667631522,🔴 偏空 (SELL)
2025-05-03,-0.28380282154502057,0.16778679115027595,0.6026858419290654,0.0,0.5904338679981908,-0.27141577732487104,-0.08442684132428574,🔴 偏空 (SELL)
2025-05-04,-0.26907671365994246,0.2131831152297481,-0.7459454153893583,0.0,-0.7583554606393318,-0.27032034696693397,-0.08031614551911494,🔴 偏空 (SELL)
2025-05-05,-0.45258629826089614,0.21947822329851546,0.06632767478462993,0.0,0.05251788365455358,-0.39543764151816574,-0.1387823390377554,🔴 偏空 (SELL)
2025-05-06,-0.3847982138324529,0.15934984923534565,-0.5786175645538463,0.0,-0.5911246464438511,-0.3517373924495771,-0.11739483535735429,🔴 偏空 (SELL)
2025-05-07,-0.3168962654881159,0.12057996113396441,-0.5276268618257794,0.0,-0.5392498669025636,-0.3030304450437211,-0.0956203653269026,🔴 偏空 (SELL)
2025-05-08,-0.36636545636126266,0.14874366337112582,0.05352813867039616,0.0,0.041121704658445515,-0.3341702782874581,-0.11118713411237613,🔴 偏空 (SELL)
2025-05-09,-0.33520945872003444,0.1260376958033212,-1.4796132076341184,0.0,-1.4912005167538442,-0.3227684046515296,-0.10194720399480556,🔴 偏空 (SELL)
2025-05-10,-0.37870149904784,0.14429841637369967,-0.1896162856778547,0.0,-0.20198965401693103,-0.3446813979834835,-0.11526406723264793,🔴 偏空 (SELL)
2025-05-11,-0.3290472224137714,0.16355774145449417,0.6641039960045663,0.0,0.6516091760847453,-0.3032487012702185,-0.09891279810452991,🔴 偏空 (SELL)
2025-05-12,-0.351824071381596,0.09500134437649205,-0.7548542660213408,0.0,-0.7663293398718812,-0.3295712290037407,-0.10695216448565287,🔴 偏空 (SELL)
2025-05-13,-0.38518363438117814,0.03755995571019207,-1.8984967268627657,0.0,-1.9092162120937783,-0.3614859616398744,-0.11824527516353486,🔴 偏空 (SELL)
2025-05-14,-0.43850203510903824,0.00859242156141006,-1.0837774717814768,0.0,-1.0946581374219708,-0.39382172214308453,-0.13497825817855377,🔴 偏空 (SELL)
2025-05-15,-0.5070761345173952,0.05315279154064203,-0.21794077061659892,0.0,-0.22998864706546124,-0.4365553698672412,-0.1565237407736242,🔴 偏空 (SELL)
2025-05-16,-0.4093537613374576,0.06837355148942265,0.8158067179936422,0.0,0.8039441224323213,-0.3595932264508354,-0.12467122165171007,🔴 偏空 (SELL)
2025-05-17,-0.2897822196505228,0.11582581959051047,0.17162545574793645,0.0,0.16007010376766467,-0.27879275629773415,-0.08659143492462976,🔴 偏空 (SELL)
2025-05-18,-0.31204160704911416,0.07713267826421524,-0.2494801179384731,0.0,-0.26060445923495906,-0.2976852443258517,-0.0939629299954193,🔴 偏空 (SELL)
2025-05-19,-0.34246433713050217,0.03197861300436185,0.7786717650442546,0.0,0.7676779051055511,-0.3122236201040965,-0.10326201085640618,🔴 偏空 (SELL)
2025-05-20,-0.23406194756873866,-0.022316779585629814,0.8539964745770275,0.0,0.8443223911016774,-0.2344955405129971,-0.06849715988212511,🔴 偏空 (SELL)
2025-05-21,-0.41842686764076575,0.029701287021270045,0.2426344516619925,0.0,0.2313189243033094,-0.37015299052369127,-0.12788618623530318,🔴 偏空 (SELL)
2025-05-22,-0.22678234248543475,-0.003919129412635845,0.39614279700784927,0.0,0.3863926544554381,-0.23249311178300952,-0.06636794889865184,🔴 偏空 (SELL)
2025-05-23,-0.15470089507889728,0.018772422561595066,-0.39282395240612145,0.0,-0.40222556784018315,-0.1866091948381332,-0.04360912912091641,🔴 偏空 (SELL)
2025-05-24,-0.3099456693271405,-0.06775622294671631,-0.30156882369301247,0.0,-0.3108952693601569,-0.2967927579765369,-0.09342649893612395,🔴 偏空 (SELL)
2025-05-25,-0.20799640813343723,-0.00543822268614555,0.0524471228049852,0.0,0.04291011501639765,-0.22151723027378245,-0.06050849694082845,🔴 偏空 (SELL)
2025-05-26,-0.20614704134961048,-0.07952841369630773,-0.048165642750640086,0.0,-0.05676166613518959,-0.2210263338066184,-0.060020289688023976,🔴 偏空 (SELL)
2025-05-27,-0.2137449902793403,-0.016669980828067435,-0.09957940735639975,0.0,-0.10898011901200444,-0.22670242653098083,-0.06243394011779281,🔴 偏空 (SELL)
2025-05-28,-0.06475632997214353,-0.05347516628270109,0.7130831710067633,0.0,0.7048726002765984,-0.11482758705368687,-0.014283622385828983,🔴 偏空 (SELL)
2025-05-29,-0.11507008614822073,-0.10468738917376998,0.6125023922952719,0.0,0.6046292548456661,-0.15148970453640415,-0.030509296051544038,🔴 偏空 (SELL)
2025-05-30,-0.1491682299420836,-0.10328304516581291,0.4658984647451321,0.0,0.45782990223403974,-0.176828468378539,-0.04151563265524774,🔴 偏空 (SELL)
2025-05-31,0.01935518521448111,-0.11238909279871828,-0.489469467526419,0.0,-0.49616436689110743,-0.06340597248150026,0.012072877834989199,🟢 偏多 (BUY)
2025-06-01,0.022551900362171032,-0.1170249029146415,0.30421848510621313,0.0,0.29741999266624736,-0.0555566495408356,0.013475716926691698,🟢 偏多 (BUY)
2025-06-02,-0.1550774347289566,-0.04586114851478808,0.46097080400167645,0.0,0.45216400657584765,-0.18098270739884617,-0.043369457705914854,🔴 偏空 (SELL)
2025-06-03,-0.013629083178187867,-0.10532283463641952,0.05784431868119824,0.0,0.0507341091997081,-0.0830647921260411,0.0017612862301142826,🟡 觀望 (HOLD)
2025-06-04,0.2187403277291557,-0.20000925129322877,-0.1897156679839091,0.0,-0.19416954221713137,0.08071257194420843,0.07610283031149633,🟢 偏多 (BUY)
2025-06-05,0.051438948018715,-0.11221965947639881,0.6646225915138453,0.0,0.6578626804773611,-0.032420606302966004,0.022917978454503378,🟢 偏多 (BUY)
2025-06-06,0.13376914942519624,-0.14829725351693127,-1.2574239130029703,0.0,-1.2627953484281733,0.01271184163558016,0.0483751738366561,🟢 偏多 (BUY)
2025-06-07,0.2972620533564369,-0.09328448560447067,-0.2915430078262148,0.0,-0.29679272596966366,0.13615387291316583,0.10132154493367838,🟢 偏多 (BUY)
2025-06-08,0.41545638730129536,-0.11967286229087414,-0.34670554880546767,0.0,-0.35088664200185105,0.21999166612767634,0.13918588019909522,🟢 偏多 (BUY)
2025-06-09,0.38161950410646406,-0.22564656094960106,-0.7883570669524478,0.0,-0.7913509602764414,0.19259095378998253,0.1280395544843379,🟢 偏多 (BUY)
2025-06-10,0.17000949658069586,-0.13073913918466268,1.236124751224077,0.0,1.2301972616686754,0.05610216918840534,0.06120985436770784,🟢 偏多 (BUY)
2025-06-11,0.3110401368351143,-0.1756020597065433,-0.24729613258181737,0.0,-0.25146306906849136,0.14615415102213242,0.10569915594471982,🟢 偏多 (BUY)
2025-06-12,0.4845982711439085,-0.24550614818464217,1.0949915120660172,0.0,1.092451955313853,0.27921428981239804,0.16195911097716978,🟢 偏多 (BUY)
2025-06-13,0.2656596037567904,-0.1601314732953604,-0.5022857503926158,0.0,-0.5068656316358844,0.11203264042356477,0.0910327030981159,🟢 偏多 (BUY)
2025-06-14,0.4794180679137331,-0.23887260960323004,-0.4258159496480805,0.0,-0.4281236208921526,0.26484415542879675,0.1595725172894497,🟢 偏多 (BUY)
2025-06-15,0.45446263373503104,-0.2551602600033349,0.19394428809954656,0.0,0.19154045908265296,0.2513807315040957,0.15185310078598752,🟢 偏多 (BUY)
2025-06-16,0.44510617124756185,-0.17693335265646865,0.5496470083978251,0.0,0.5461471034860365,0.24733694237890474,0.1490826099836589,🟢 偏多 (BUY)
2025-06-17,0.3855126355513952,-0.1273236432433791,0.261749700305333,0.0,0.25733837879880966,0.20290635575136906,0.12986763331749368,🟢 偏多 (BUY)
2025-06-18,0.30366861057403516,-0.19702118669832316,-0.06539834802044289,0.0,-0.06939018328932768,0.14214196100467363,0.10340566860487661,🟢 偏多 (BUY)
2025-06-19,0.437037387633423,-0.13308176832243532,-0.044784757247370244,0.0,-0.048736420097557,0.23747811684360648,0.14624270624019403,🟢 偏多 (BUY)
2025-06-20,0.3261479932220849,-0.13971105569110195,0.5716938114237035,0.0,0.5669954804369716,0.16273946163992692,0.11096566012921776,🟢 偏多 (BUY)
2025-06-21,0.5068775147373787,-0.21516719767179948,-0.34217453807425446,0.0,-0.34462095315269475,0.2850481491223967,0.16843846357757097,🟢 偏多 (BUY)
2025-06-22,0.260694250675894,-0.24637617941142254,-0.10310708218190119,0.0,-0.10675295539364918,0.1111574364950738,0.08956572136764776,🟢 偏多 (BUY)
2025-06-23,0.3786254372968676,-0.22213340293838862,-1.3707885907895292,0.0,-1.3737118470950083,0.18636891078065915,0.12680227649537124,🟢 偏多 (BUY)
2025-06-24,0.45284791621010256,-0.2152602089939041,-0.22587138504821117,0.0,-0.2286782145462195,0.24734412932810335,0.15116415510931008,🟢 偏多 (BUY)
2025-06-25,0.5270691739792508,-0.2292028258953302,0.4018333225901589,0.0,0.3995150430083068,0.30464983992460043,0.1752614145407791,🟢 偏多 (BUY)
2025-06-26,0.4205186286651496,-0.1429262765355318,0.4384745089751399,0.0,0.43443115802903426,0.22908095612140777,0.14116876294905586,🟢 偏多 (BUY)
2025-06-27,0.430766438342172,-0.1265395085627642,0.9498639481783416,0.0,0.9455675572108461,0.24000779102215963,0.14471380661981276,🟢 偏多 (BUY)
2025-06-28,0.47562482061863975,-0.17145620913065202,-0.04877839288666655,0.0,-0.05202018012684593,0.26489908300317533,0.1585884084593921,🟢 偏多 (BUY)
2025-06-29,0.33270101196135604,-0.17350044005833265,-0.40794208129573195,0.0,-0.41196390671035904,0.16047205650836205,0.11257139777241204,🟢 偏多 (BUY)
2025-06-30,0.277577313036045,-0.14176717333623878,-0.3404450281620577,0.0,-0.345212449288276,0.12169678436835878,0.0949470706292691,🟢 偏多 (BUY)
2025-07-01,0.250171573205466,-0.1134278213990058,-0.5453078960529057,0.0,-0.5505456203428166,0.10076388091545398,0.08607996808305324,🟢 偏多 (BUY)
2025-07-02,0.11406831573855726,-0.1669325543330524,0.43563573127593647,0.0,0.42998584222279557,0.010533661595098609,0.042854652635376,🟢 偏多 (BUY)
2025-07-03,0.11726900825864434,-0.20062046395975952,-1.1229130180051425,0.0,-1.1277770351710659,0.0018079629031594463,0.043107279436087144,🟢 偏多 (BUY)
2025-07-04,0.2751930422897994,-0.10101064374719479,0.05044297720281424,0.0,0.04507328525932741,0.12281021309273078,0.0944011481210411,🟢 偏多 (BUY)
2025-07-05,0.07478662711437171,-0.11952921859933661,1.6843275591897804,0.0,1.6775704725510794,-0.008620349772829758,0.030890729580029683,🟢 偏多 (BUY)
2025-07-06,0.09531190627207262,-0.11551167301395272,0.15451114151996512,0.0,0.1481794533902025,-0.004730949187315245,0.03674288050585226,🟢 偏多 (BUY)
2025-07-07,0.060261690145202995,-0.12937424874652678,0.03882824367331038,0.0,0.03247503429691091,-0.030556051032955805,0.025434331011711796,🟢 偏多 (BUY)
2025-07-08,-0.054249112345041976,-0.0467144593984753,0.16522661802799968,0.0,0.1571228452097906,-0.11117542588159206,-0.011171260681927357,🔴 偏空 (SELL)
2025-07-09,0.01838543782163374,-0.10949201319038536,1.0892077179939497,0.0,1.0821130181385035,-0.05299834132189005,0.012521938809162352,🟢 偏多 (BUY)
2025-07-10,-0.015182606210325841,-0.09034187508236304,1.4630293123943665,0.0,1.4554071849661334,-0.07427294152997509,0.0019490539804425527,🟡 觀望 (HOLD)
2025-07-11,-0.010270466840833534,-0.06494646111497339,0.18777310367245284,0.0,0.1801601327033432,-0.07969142296251391,0.0029318307676322805,🟡 觀望 (HOLD)
2025-07-12,-0.16052101535158422,-0.016084323163379398,-0.7283798875791145,0.0,-0.7373148830223943,-0.19317361266936556,-0.04566369986547611,🔴 偏空 (SELL)
2025-07-13,-0.1353253396121826,-0.08188058236614111,-0.10136693086754961,0.0,-0.10948277609700034,-0.17091066041358857,-0.03733146623703319,🔴 偏空 (SELL)
2025-07-14,-0.26955319687263746,-0.02791100908974629,0.21355107588800798,0.0,0.20387066379439595,-0.2643094491241668,-0.08019277469838468,🔴 偏空 (SELL)
2025-07-15,-0.2503713787874429,-0.10921177887291839,0.930483235153044,0.0,0.9217539940125774,-0.24572748056358135,-0.07375818681749961,🔴 偏空 (SELL)
2025-07-16,-0.3517759101060005,-0.05523086272814824,0.33391178214725636,0.0,0.32402833561783884,-0.32212995928919236,-0.10652894572895205,🔴 偏空 (SELL)
2025-07-17,-0.1320594665656593,0.011323822694922818,-1.4657489312241576,0.0,-1.474675411316557,-0.17801886329315136,-0.036867646775309085,🔴 偏空 (SELL)
2025-07-18,-0.32096227007310135,-0.08447352958364973,0.28818871053851297,0.0,0.2788646397998109,-0.3005298308813517,-0.09668974676498635,🔴 偏空 (SELL)
2025-07-19,-0.406542196173756,0.055870981350473845,0.618123816845225,0.0,0.6064765320181534,-0.35899826199794593,-0.12387387603667127,🔴 偏空 (SELL)
2025-07-20,-0.23047052035418278,0.006641191126418269,-0.03352494868059504,0.0,-0.043329673912440254,-0.23812500055417812,-0.06774913411363073,🔴 偏空 (SELL)
2025-07-21,-0.4433693639930873,0.09724624681976385,-0.06139856014174189,0.0,-0.07362637764548241,-0.3899628150770636,-0.1359808180060199,🔴 偏空 (SELL)
2025-07-22,-0.36239413830280015,0.07394586523660635,-0.2647327221230435,0.0,-0.27612694732135024,-0.33369720066160796,-0.11012333788858589,🔴 偏空 (SELL)
2025-07-23,-0.3277594177843766,0.1235915101437974,-0.1694290764491938,0.0,-0.18123762564293633,-0.308253318246252,-0.09893046954343648,🔴 偏空 (SELL)
2025-07-24,-0.42859579253122937,0.016358194790155434,0.5408453141734614,0.0,0.5295623042175113,-0.37532908286947225,-0.13101492556014488,🔴 偏空 (SELL)
2025-07-25,-0.3430551925806326,0.053072720311439545,-0.9797894023893188,0.0,-0.9906459256734498,-0.3249683140560906,-0.1042795955063903,🔴 偏空 (SELL)
2025-07-26,-0.3542961190574943,-0.0033879015058703027,-1.338210209570849,0.0,-1.3483641726295637,-0.33559341798688086,-0.10810040125330334,🔴 偏空 (SELL)
2025-07-27,-0.41810824322205264,0.12742281683969037,-1.1546998417813,0.0,-1.1668920847397641,-0.37958670246323956,-0.1283800653037838,🔴 偏空 (SELL)
2025-07-28,-0.33706950204639247,0.12713617544101816,-0.011056976604299553,0.0,-0.02300260304383002,-0.31377233613851574,-0.1018379495881713,🔴 偏空 (SELL)
2025-07-29,-0.4940646702879202,0.2264509517685343,-1.1495581912315138,0.0,-1.1634346226352417,-0.4335436725285545,-0.152664976621082,🔴 偏空 (SELL)
2025-07-30,-0.3271468529741238,0.14516491394015033,0.42800723211561265,0.0,0.4158028716612821,-0.303582930050365,-0.09843066753446247,🔴 偏空 (SELL)
2025-07-31,-0.3436849296892512,0.1633928518341261,0.06460544097251766,0.0,0.05215791463891368,-0.31789817551582367,-0.10389579788075734,🔴 偏空 (SELL)
2025-08-01,-0.4374496904522116,0.10854781518685502,0.7783207341776364,0.0,0.7658007333107562,-0.37982269317101636,-0.13367029550089982,🔴 偏空 (SELL)
2025-08-02,-0.48080710142133004,0.13992083104858244,0.08609683416621845,0.0,0.07308107759993601,-0.41554861796094494,-0.1478855717348677,🔴 偏空 (SELL)
2025-08-03,-0.3889068375545723,0.14803620380288082,-0.7057637639629784,0.0,-0.7181290221156158,-0.3555786403578384,-0.11878237755953108,🔴 偏空 (SELL)
2025-08-04,-0.23168747204586848,0.15857259344722685,0.06196514260436534,0.0,0.05027194060233599,-0.2380743326279361,-0.06797740557567764,🔴 偏空 (SELL)
2025-08-05,-0.3603539379846548,0.15074471677462778,0.6598462304485185,0.0,0.6473149754001608,-0.32562005980369546,-0.1089663184001399,🔴 偏空 (SELL)
2025-08-06,-0.10264348246282431,0.15675908349882875,-0.30494026388904,0.0,-0.3157275124437028,-0.1486519295157615,-0.026763889972842514,🔴 偏空 (SELL)
2025-08-07,-0.10497100093029885,0.14201384360255945,-0.348472814409843,0.0,-0.3590841756230521,-0.15064129321263087,-0.02754262387072179,🔴 偏空 (SELL)
2025-08-08,-0.1090235881660132,0.13192543287902686,0.4983227089455282,0.0,0.4876174575745051,-0.14759612201029282,-0.028443684259475133,🔴 偏空 (SELL)
2025-08-09,-0.2657956154815452,0.16971640786494507,-0.29574950566889296,0.0,-0.30770946262037735,-0.26488797811841297,-0.07908084928103012,🔴 偏空 (SELL)
2025-08-10,-0.12025748988573776,0.22532058307275804,-0.23922145489960933,0.0,-0.2509719009193166,-0.1606366773271081,-0.03232960987807909,🔴 偏空 (SELL)
2025-08-11,-0.21651297397794872,0.17989142792473697,-0.7222212858869481,0.0,-0.733903249760616,-0.2327317056704058,-0.06347032764370682,🔴 偏空 (SELL)
2025-08-12,-0.1602640660262491,0.2470234859235121,-0.9318974832413256,0.0,-0.944004459050257,-0.19399248894626595,-0.045477715480669895,🔴 偏空 (SELL)
2025-08-13,0.05255003860846788,0.2745920892168246,-0.9650844519267561,0.0,-0.9762011459141585,-0.04245188991634466,0.022787874814324423,🟢 偏多 (BUY)
2025-08-14,0.11117563691622127,0.22311762960802084,-0.4380070698779207,0.0,-0.44824982143909564,0.0029664188201592584,0.0418057834265482,🟢 偏多 (BUY)
2025-08-15,-0.06694732847493484,0.13201708570029408,-2.1160622738254338,0.0,-2.125914221630057,-0.13596993467453505,-0.016202708821347958,🔴 偏空 (SELL)
2025-08-16,-0.03523208660879759,0.20056316970467064,0.7763792483997299,0.0,0.7652286720046576,-0.09291961298490739,-0.004588956757711288,🟡 觀望 (HOLD)
2025-08-17,0.0704649951947621,0.17704833899228328,-0.28963524713366895,0.0,-0.29960044010353876,-0.02509110760128032,0.028783774290159714,🟢 偏多 (BUY)
2025-08-18,0.09239895453151449,0.19909002113410934,-0.6790073510781651,0.0,-0.689017837712362,-0.01215344925880349,0.03564905499743115,🟢 偏多 (BUY)
2025-08-19,0.10179354144945252,0.2429134507750872,0.9190991649240647,0.0,0.9082479249844511,0.00584673019618967,0.03946312678001808,🟢 偏多 (BUY)
2025-08-20,0.18022893172575652,0.2079993866812414,-0.24524652293220225,0.0,-0.2549196708524124,0.053529026985588354,0.0640357035461074,🟢 偏多 (BUY)
2025-08-21,0.2352407163458279,0.18500155280309447,-0.32888329889339285,0.0,-0.33791478132917446,0.09212530024447153,0.0816230680797834,🟢 偏多 (BUY)
2025-08-22,0.1786909511088967,0.23678685788944348,1.3441950604677895,0.0,1.333799311463281,0.06364930846215112,0.06432747632047431,🟢 偏多 (BUY)
2025-08-23,0.1705989827935982,0.1858694325611698,-2.1400255540623574,0.0,-2.1490575420549964,0.03331144969186797,0.06002030736032016,🟢 偏多 (BUY)
2025-08-24,0.30183376301934,0.29145290482314323,0.1694259019848312,0.0,0.15939170560191296,0.14327894813756797,0.10330354648645695,🟢 偏多 (BUY)
2025-08-25,0.2210121859459518,0.16451305107096756,0.352317582892934,0.0,0.3432939450726398,0.08673472488951249,0.07737060445389754,🟢 偏多 (BUY)
2025-08-26,0.2933566021732802,0.11379349904520013,0.40474829024924514,0.0,0.396782193132944,0.13859966890952036,0.10056155256818797,🟢 偏多 (BUY)
2025-08-27,0.41454263366133715,0.16273818672298782,0.6206070192319199,0.0,0.6127447031657213,0.22659765944412968,0.1395732196275279,🟢 偏多 (BUY)
2025-08-28,0.4680693402035316,0.1608422147130186,-0.18111267451329002,0.0,-0.18843777801359807,0.2591230646809694,0.15635564788699832,🟢 偏多 (BUY)
2025-08-29,0.28148565956438826,0.13019602939729943,-0.1409381116678933,0.0,-0.14905470995953807,0.1263279316895724,0.09650450451922388,🟢 偏多 (BUY)
2025-08-30,0.4776471244665622,0.11404908977667434,0.07300189205635745,0.0,0.06625115007383355,0.2676613543448579,0.15951393579667128,🟢 偏多 (BUY)
2025-08-31,0.3870918587767724,0.19975321584667083,0.7736700672755796,0.0,0.7651497575762133,0.20816212622843722,0.13087014211825382,🟢 偏多 (BUY)
2025-09-01,0.37446854557454134,0.13763153040725454,-1.0611968833648093,0.0,-1.0686188035332302,0.18616634330736992,0.1258927897298649,🟢 偏多 (BUY)
2025-09-02,0.44044798992650686,0.1751285999825695,0.6562819749404728,0.0,0.6484206290793988,0.2453381387802206,0.14790900557892261,🟢 偏多 (BUY)
2025-09-03,0.4364139977406353,0.10739986770526255,-1.4475915589674768,0.0,-1.4541715586672808,0.22756664379855057,0.14555325620046278,🟢 偏多 (BUY)
2025-09-04,0.47546185621162007,0.08878297672560784,0.09593835607812883,0.0,0.08947804521319927,0.26622340657562593,0.15880469109512296,🟢 偏多 (BUY)
2025-09-05,0.3444084213811638,0.12944059488945334,-1.155067001792756,0.0,-1.1625538464496321,0.1640615224641731,0.11619963006659777,🟢 偏多 (BUY)
2025-09-06,0.43210215747585706,0.06809830184163411,0.19746900857579988,0.0,0.19096981290558437,0.23598932442328807,0.14492992426723436,🟢 偏多 (BUY)
2025-09-07,0.4662227429260778,0.04753311564648971,-0.5420688047591593,0.0,-0.5479368175854262,0.2550854569960193,0.15550338172917683,🟢 偏多 (BUY)
2025-09-08,0.35810627759935787,0.11616312417364015,1.055688267376039,0.0,1.047947072223096,0.18934230883872116,0.12164442155997554,🟢 偏多 (BUY)
2025-09-09,0.3870838262287311,0.0023807479236332835,0.6521107216594688,0.0,0.6460332900923956,0.20698093491695552,0.13065822121559192,🟢 偏多 (BUY)
2025-09-10,0.4314609321050355,0.059450663062053356,-0.030137809872300164,0.0,-0.03648349532723213,0.23391855083981233,0.1446083653509057,🟢 偏多 (BUY)
2025-09-11,0.3064742440969978,-0.04113236548601967,1.8838229514692628,0.0,1.8774983988352179,0.15809431266674484,0.10536061535641492,🟢 偏多 (BUY)
2025-09-12,0.37622668082224997,-0.07579791575184888,0.015137096173783216,0.0,0.010093605601484716,0.19463655265504332,0.12681017205305103,🟢 偏多 (BUY)
2025-09-13,0.26720266439601437,-0.030375279724692127,-1.5193043051074946,0.0,-1.5252316542721722,0.10619674697154845,0.09113865192224399,🟢 偏多 (BUY)
2025-09-14,0.15035293728313787,-0.009782115801693046,-0.13288682708466024,0.0,-0.14010571335742555,0.032663707882169615,0.05434027799712668,🟢 偏多 (BUY)
2025-09-15,0.2561207620907687,-0.03517590616200021,-0.39794487972860165,0.0,-0.40413675318012604,0.10616839458561932,0.08811878643010579,🟢 偏多 (BUY)
2025-09-16,0.2540824599996667,-0.0588255932441315,-1.1338456768216039,0.0,-1.1395937456430583,0.09950505400667,0.08709361465379838,🟢 偏多 (BUY)
2025-09-17,0.26881296831133844,-0.05626578660678827,-1.0466457017977715,0.0,-1.0523535134056492,0.11062435981116715,0.09186226783653459,🟢 偏多 (BUY)
2025-09-18,0.12504551758673588,-0.029727661181886533,-0.10307298798193183,0.0,-0.11021154461252115,0.014797470496957538,0.04622194145304115,🟢 偏多 (BUY)
2025-09-19,0.21226432597799239,-0.08513006859583343,-0.6787103773526577,0.0,-0.6844992584531062,0.07284589995428715,0.07387876672002106,🟢 偏多 (BUY)
2025-09-20,0.051736364365478855,-0.04611977761730259,-0.5959610023677342,0.0,-0.6032418321786467,-0.04095986904480474,0.02245875830290596,🟢 偏多 (BUY)
2025-09-21,-0.0036208331121205042,-0.13059938933203294,-1.0696357633608518,0.0,-1.0761186512403726,-0.0838938755658833,0.004410829331848172,🟡 觀望 (HOLD)
2025-09-22,-0.03012274588025108,-0.0238752575089108,-0.14181117478765154,0.0,-0.14997508949279167,-0.09609474801014448,-0.003562624991400816,🟡 觀望 (HOLD)
2025-09-23,0.05441013851163531,-0.1362928159784294,-0.19875053185287608,0.0,-0.20500144743443144,-0.03640886882964181,0.023438087737284972,🟢 偏多 (BUY)
2025-09-24,-0.09746563252388483,-0.16243535425628372,1.4503620538855122,0.0,1.4431146280086822,-0.1331441824823033,-0.024504577695583493,🔴 偏空 (SELL)
2025-09-25,-0.035742890169544836,-0.1413213893165934,-0.4527220790146001,0.0,-0.45941304358634877,-0.10247779633662657,-0.005604400833001517,🔴 偏空 (SELL)
2025-09-26,-0.2616742580193089,-0.07775906151038717,-0.4124285857117236,0.0,-0.42130802395048966,-0.2631722983272997,-0.07800424724813268,🔴 偏空 (SELL)
2025-09-27,-0.20473276641544175,-0.08395016017547569,0.08774534638490117,0.0,0.0791813574555958,-0.21907007320842964,-0.059504793238874615,🔴 偏空 (SELL)
2025-09-28,-0.23481512431973942,-0.13078060684632808,-0.023193957060794385,0.0,-0.03134628482594376,-0.24137358128471442,-0.06924283746819514,🔴 偏空 (SELL)
2025-09-29,-0.21333287835309617,-0.17630966702410783,-0.339550883725681,0.0,-0.3469409866519034,-0.22835481835829424,-0.06253908161162779,🔴 偏空 (SELL)
2025-09-30,-0.1474744713216954,-0.11837165515618968,-0.9704690008688144,0.0,-0.9780163802872532,-0.18573964907516738,-0.041673472094308425,🔴 偏空 (SELL)
2025-10-01,-0.20205362095582802,-0.14577284683579012,0.07665843551419502,0.0,0.06887013443245243,-0.21733845833702392,-0.05869806921902741,🔴 偏空 (SELL)
2025-10-02,-0.3284434413085062,-0.1191385225323275,0.9268620796970485,0.0,0.9177708456076442,-0.3014317132947892,-0.0988092465216781,🔴 偏空 (SELL)
2025-10-03,-0.32569891087505026,-0.11492747413413042,0.07675530530839811,0.0,0.06782252283627974,-0.30544231758831647,-0.09833383299001802,🔴 偏空 (SELL)
2025-10-04,-0.2861179717101505,-0.21577074966797852,0.3398881910672117,0.0,0.3323752733944229,-0.27553741668211756,-0.0855890073552766,🔴 偏空 (SELL)
2025-10-05,-0.4699811392592088,-0.2805512727727729,-0.38772589139063796,0.0,-0.3954214361722396,-0.41184417990055766,-0.14496225491622686,🔴 偏空 (SELL)
2025-10-06,-0.39059005153848614,-0.2110328974360631,-1.2427388718055534,0.0,-1.250598596318325,-0.36113668983146735,-0.11985474329754103,🔴 偏空 (SELL)
2025-10-07,-0.43043781242296025,-0.18628070092186189,-0.8587744051408661,0.0,-0.8672713684457998,-0.3868081103901672,-0.1324327015654738,🔴 偏空 (SELL)
2025-10-08,-0.5624212127325641,-0.21515958125595108,1.2073127564989656,0.0,1.1978815182294977,-0.4664349867520043,-0.1737967719348966,🔴 偏空 (SELL)
2025-10-09,-0.4081557050648266,-0.16798637694352414,-0.8762615281709817,0.0,-0.8848401787993089,-0.3710148740122899,-0.1252800836820853,🔴 偏空 (SELL)
2025-10-10,-0.5457911860116076,-0.24624913095381412,-1.072044363549674,0.0,-1.0804746121233788,-0.4706473679340687,-0.16958072526063267,🔴 偏空 (SELL)
2025-10-11,-0.32487577956819247,-0.27851864436043644,0.8859594414767721,0.0,0.8788500289214412,-0.29943491062451666,-0.09780647313351509,🔴 偏空 (SELL)
2025-10-12,-0.4472545486028636,-0.216770419776104,0.6687219006096619,0.0,0.6601470220307125,-0.3881128347532212,-0.1371166964872201,🔴 偏空 (SELL)
2025-10-13,-0.39990256108862327,-0.23038345168235042,0.5825522740896818,0.0,0.5744572749515247,-0.35498025452114146,-0.12198025978466742,🔴 偏空 (SELL)
2025-10-14,-0.3095390891505204,-0.18132604911373607,0.08975606314346768,0.0,0.08173312094851887,-0.293937623466947,-0.09319509890994665,🔴 偏空 (SELL)
2025-10-15,-0.3823840275828636,-0.21153636584870245,-0.0671576952520854,0.0,-0.07522719175189516,-0.34702538845431474,-0.11665866035061415,🔴 偏空 (SELL)
2025-10-16,-0.3859913909654154,-0.1731688232243551,-0.7443053594818527,0.0,-0.7527130532877894,-0.3542935972489751,-0.11811146257594984,🔴 偏空 (SELL)
2025-10-17,-0.2981997421315893,-0.1253129064656941,-0.06571817300374744,0.0,-0.07432094370935258,-0.2868545263443024,-0.08958977810166868,🔴 偏空 (SELL)
2025-10-18,-0.33380677351620075,-0.25670175686427277,-1.0431165376249492,0.0,-1.0501104670875587,-0.3193236660303257,-0.1015805253115572,🔴 偏空 (SELL)
2025-10-19,-0.3500527643909929,-0.20359522185392834,0.39981275520907317,0.0,0.391740640978097,-0.32067973198453764,-0.10605810232334978,🔴 偏空 (SELL)
2025-10-20,-0.3609167181147882,-0.16784397853330293,-1.0468720246047167,0.0,-1.0551206615695004,-0.3385338910025392,-0.11020990787787069,🔴 偏空 (SELL)
2025-10-21,-0.27781101963046884,-0.19363326027246291,0.7139408286756017,0.0,0.7061236304207829,-0.2669501346031458,-0.08272803015294969,🔴 偏空 (SELL)
2025-10-22,-0.17184053119762785,-0.16644002543832026,-0.39251166413345473,0.0,-0.3997531417822291,-0.1991283622875017,-0.04924822634428873,🔴 偏空 (SELL)
2025-10-23,-0.30008357723145374,-0.19381436935783544,-0.5451909577066226,0.0,-0.5528582988204239,-0.29167865330443354,-0.09047660893919812,🔴 偏空 (SELL)
2025-10-24,-0.12734570969194328,-0.1674829739210127,0.9770164817068259,0.0,0.9697529163186868,-0.15778232269589285,-0.03431976132751681,🔴 偏空 (SELL)
2025-10-25,-0.14010442204293339,-0.08719212773268606,-0.5788576706188461,0.0,-0.5868297793937391,-0.17768223566404198,-0.039097661249867424,🔴 偏空 (SELL)
2025-10-26,-0.08914215574489359,-0.0728185800881079,1.0561419768168467,0.0,1.0479389828284784,-0.1298344201214951,-0.021955512818031576,🔴 偏空 (SELL)
2025-10-27,-0.16712756124113307,-0.08372502835549261,0.39048027949773917,0.0,0.3820780908262454,-0.19013102010715838,-0.04729735958181118,🔴 偏空 (SELL)
2025-10-28,0.01187037533157586,-0.13845777163354533,0.8088654412511522,0.0,0.802148427343926,-0.059660622256954,0.010275477849390095,🟢 偏多 (BUY)
2025-10-29,-0.011292981668176553,-0.0619897929103344,0.2365890338186848,0.0,0.22892245758554863,-0.0800725696369332,0.002629555037504748,🟡 觀望 (HOLD)
2025-10-30,0.09021113390394969,-0.14943382554743098,0.4754428999634325,0.0,0.46942184577870544,-0.0061674432519233935,0.035234923747739684,🟢 偏多 (BUY)
2025-10-31,0.05879091638781031,-0.05088865101128518,-0.3428932456440524,0.0,-0.3501293980882261,-0.03415952352291872,0.024839360995662432,🟢 偏多 (BUY)
2025-11-01,0.18687392508690326,-0.09423497689235719,-0.22643570362362855,0.0,-0.23237332282853176,0.057907027306733846,0.06594492206293091,🟢 偏多 (BUY)
2025-11-02,0.07730892386406543,-0.047924786421075026,0.06037601609062146,0.0,0.05312692845309954,-0.018117998060912854,0.030974907939722244,🟢 偏多 (BUY)
2025-11-03,0.10378557032941094,-0.028377555926938573,-0.9021017309515292,0.0,-0.9092073225749198,-0.005973180573412548,0.03902021690503538,🟢 偏多 (BUY)
2025-11-04,0.19822030114366943,-0.027557981972678496,1.6516090752100732,0.0,1.6444995994443012,0.07930324862287218,0.07053690857815381,🟢 偏多 (BUY)
2025-11-05,0.211965961190626,-0.0472198298650392,1.0095779506952156,0.0,1.0029400821235486,0.0845594851939817,0.07462258124136267,🟢 偏多 (BUY)
2025-11-06,0.14315270720512718,0.011762376716082518,0.6607176429050619,0.0,0.6530103084674542,0.0331423929250239,0.05242826915069103,🟢 偏多 (BUY)
2025-11-07,0.31040883572010186,0.025983075181659473,0.694530503965372,0.0,0.6876789848147753,0.15265088612765837,0.10610302685484255,🟢 偏多 (BUY)
2025-11-08,0.3642178245169517,-0.04537081374299098,0.33488912516507624,0.0,0.3293262134980852,0.18837126611452593,0.12313509691092463,🟢 偏多 (BUY)
2025-11-09,0.39196588004967986,-0.01509326512349584,-0.10963858316794826,0.0,-0.11529898943487991,0.20507996132291711,0.13184507855187783,🟢 偏多 (BUY)
2025-11-10,0.2789206764427303,0.0035838121974031516,1.0330974437601144,0.0,1.0262478598738365,0.13254379948464134,0.09614855850707466,🟢 偏多 (BUY)
2025-11-11,0.4371212288570412,0.035946748040576466,0.3479898587882483,0.0,0.3418810846810922,0.2405732240965699,0.14658746555956426,🟢 偏多 (BUY)
2025-11-12,0.29573823865664683,0.02416437807207225,-1.1837185029654833,0.0,-1.1902124401597094,0.12898872418508306,0.10049430892556052,🟢 偏多 (BUY)
2025-11-13,0.3697150189423767,0.06366304932375513,1.1093261011439466,0.0,1.102287209086047,0.19791044180291306,0.12535353116134149,🟢 偏多 (BUY)
2025-11-14,0.45173781909665,-0.0023972207864206424,-0.14047321491213843,0.0,-0.14591121501614057,0.247499215771534,0.15101192396135177,🟢 偏多 (BUY)
2025-11-15,0.31383209831747777,0.030679754678976538,-1.1061566828485039,0.0,-1.1126357178517805,0.14244468501667662,0.10634016078187451,🟢 偏多 (BUY)
2025-11-16,0.30592192415521047,0.11496192989121781,-0.7406115218482148,0.0,-0.7482539963110014,0.13951107129436952,0.10404292639172198,🟢 偏多 (BUY)
2025-11-17,0.3640112271610016,0.12693032308019803,0.6773262194440242,0.0,0.669575772086756,0.19091087460166994,0.1233650350464922,🟢 偏多 (BUY)
2025-11-18,0.5053803464159478,0.13215439373900095,-1.1017313749173445,0.0,-1.108265002356232,0.2792080724060799,0.16785929032258062,🟢 偏多 (BUY)
2025-11-19,0.4286075388820787,0.1827397119306679,0.240463717031056,0.0,0.23253016590100725,0.2339864956790887,0.1439173596836703,🟢 偏多 (BUY)
2025-11-20,0.3615517155629964,0.13090450635824283,0.9104520302358861,0.0,0.9025847767907826,0.19080211188186086,0.12269110253371303,🟢 偏多 (BUY)
2025-11-21,0.32906091174291024,0.14300285178426073,-0.47282572294127934,0.0,-0.4807285948599328,0.15793587829210537,0.11161479987398083,🟢 偏多 (BUY)
2025-11-22,0.32032545845561133,0.15282452652300696,-0.8609363636854863,0.0,-0.8689255208983553,0.1489963046326246,0.10863407945452551,🟢 偏多 (BUY)
2025-11-23,0.35181640720634355,0.12307995300188676,-0.1559360518933441,0.0,-0.16352589089300965,0.17635429742708741,0.11905055012787824,🟢 偏多 (BUY)
2025-11-24,0.36395308078616434,0.1448603222305345,0.04854776017334114,0.0,0.040720256339843414,0.18647979293466593,0.12305823613368834,🟢 偏多 (BUY)
2025-11-25,0.38419263453543845,0.19975501220774466,-0.2834585172380437,0.0,-0.29175688354080015,0.1986660071919265,0.12943270593915462,🟢 偏多 (BUY)
2025-11-26,0.374751687982433,0.1812463626079506,-0.13226023948917442,0.0,-0.14042499008063355,0.19296738590131124,0.12646293724846827,🟢 偏多 (BUY)
2025-11-27,0.322222039105855,0.19627519620296194,0.26835364365821984,0.0,0.25958819664589444,0.15835540807477683,0.10981779986093815,🟢 偏多 (BUY)
2025-11-28,0.2799091954959346,0.1724823735259925,-0.7092407772222027,0.0,-0.7177556368987552,0.12127897897345101,0.09575836840444996,🟢 偏多 (BUY)
2025-11-29,0.15372183559912408,0.20406047614544476,0.5601653554819958,0.0,0.5501931678033837,0.040284103993824316,0.05591716355996465,🟢 偏多 (BUY)
2025-11-30,0.17880214146198148,0.13104717323438606,0.5209119690341796,0.0,0.5119977649526657,0.057770803360842546,0.06388700953608492,🟢 偏多 (BUY)
2025-12-01,0.10830943184816248,0.20013967816836736,-0.38451974731147875,0.0,-0.3945112274890807,0.0012614099512753968,0.040894544533868364,🟢 偏多 (BUY)
2025-12-02,0.02341354432029033,0.17888175548489083,-1.4472881128364714,0.0,-1.4573048425292352,-0.06676967271459439,0.013137588641267985,🟢 偏多 (BUY)
2025-12-03,0.2908780208524116,0.17580258975489133,-0.2220146044881923,0.0,-0.23061264567607603,0.13252879903557807,0.09951308292039046,🟢 偏多 (BUY)
2025-12-04,0.06150413350293534,0.20127683543326988,0.11031119937049433,0.0,0.09990314488983264,-0.028629794329184007,0.02612010583723283,🟢 偏多 (BUY)
2025-12-05,0.233669368253975,0.22078836846327507,-0.047287573183667914,0.0,-0.056830659680204065,0.09304216426449487,0.0812816208305331,🟢 偏多 (BUY)
2025-12-06,-0.1665249144877148,0.13011402808580708,-0.9369306343407848,0.0,-0.9476446308275894,-0.19868187681941385,-0.04757774152637374,🔴 偏空 (SELL)
2025-12-07,-0.1342335342396196,0.2296418133879265,-0.028595992330735856,0.0,-0.040533823037044545,-0.16911388091026255,-0.03670802350681801,🔴 偏空 (SELL)
2025-12-08,-0.11759902964484273,0.17105915105050618,0.8512638406905719,0.0,0.8399463860778094,-0.15116609627152008,-0.030994892761673373,🔴 偏空 (SELL)
2025-12-09,0.03449237719538513,0.16826043807072263,-0.2427227135158018,0.0,-0.2528141569426587,-0.0504229355126468,0.017261304033036547,🟢 偏多 (BUY)
2025-12-10,-0.18119126152522283,0.25898183798555435,0.9979506301173728,0.0,0.9851294581669685,-0.1953311804822133,-0.05125451285522502,🔴 偏空 (SELL)
2025-12-11,-0.13675693978709222,0.15433253720831752,1.2130743891502362,0.0,1.2017606615571454,-0.16230957145274746,-0.036978917505713346,🔴 偏空 (SELL)
2025-12-12,-0.20114032362124246,0.18502890326866192,-0.0754559730135221,0.0,-0.08725225201633664,-0.21721797888084582,-0.05822509800973365,🔴 偏空 (SELL)
2025-12-13,-0.14647495503579028,0.24908690678170636,-0.4340366978931234,0.0,-0.446196394448591,-0.18065921401154805,-0.040814246200528315,🔴 偏空 (SELL)
2025-12-14,-0.33166147947206026,0.12012725761153598,0.46679396898618686,0.0,0.45485919682114667,-0.3065698670314574,-0.0998792730998099,🔴 偏空 (SELL)
2025-12-15,-0.24885561661151082,0.22709922242970212,-1.0815505398411467,0.0,-1.0939292717328137,-0.2582392694017039,-0.07398067129201419,🔴 偏空 (SELL)
2025-12-16,-0.305778141575102,0.18168465695882266,-0.7767658598430759,0.0,-0.7890111130854004,-0.29675502498151146,-0.0921270738674381,🔴 偏空 (SELL)
2025-12-17,-0.3339422714387681,0.19866127374838782,0.6991025148026847,0.0,0.6861398083001878,-0.30643561749173354,-0.10043923654701406,🔴 偏空 (SELL)
2025-12-18,-0.3956808184093092,0.16483966377981304,-0.7840750665765652,0.0,-0.796670201006817,-0.36093124553123,-0.12097988319239819,🔴 偏空 (SELL)
2025-12-19,-0.29059124336238656,0.2137298274331257,-0.10229571355973743,0.0,-0.11499200432207869,-0.2811352462197375,-0.08690754007519605,🔴 偏空 (SELL)
2025-12-20,-0.4541285933575278,0.12870952973014946,1.8873994298449572,0.0,1.8742774977010874,-0.383887191445256,-0.1384722071000831,🔴 偏空 (SELL)
2025-12-21,-0.2677779597846094,0.08969715109349563,0.25629837389132754,0.0,0.2451800467540163,-0.26255196716644097,-0.07951287468541555,🔴 偏空 (SELL)
2025-12-22,-0.43640913130516346,0.06482516577346388,-1.7733700043874738,0.0,-1.7847693074856767,-0.3970842258739701,-0.13459499942886413,🔴 偏空 (SELL)
2025-12-23,-0.48960151646612765,0.1797546591177458,-0.2787241765279423,0.0,-0.2921991427635483,-0.42431771881663793,-0.15085106459906242,🔴 偏空 (SELL)
2025-12-24,-0.4012764602660011,0.09836738395793578,0.5519540119901848,0.0,0.5398343630276032,-0.3556398362507672,-0.12218414151777587,🔴 偏空 (SELL)
2025-12-25,-0.3652578032204385,0.11473736668702647,0.5500607174806396,0.0,0.5379646006193411,-0.32994646820776063,-0.1106194911494564,🔴 偏空 (SELL)
2025-12-26,-0.30124264379586363,0.1423212325153427,0.42352816659783205,0.0,0.4115203099972858,-0.28515024614896944,-0.09012618047788029,🔴 偏空 (SELL)
2025-12-27,-0.489940998125346,0.07480374875241154,-0.021179268784502395,0.0,-0.033430467335541066,-0.42292062635829786,-0.15091659688902864,🔴 偏空 (SELL)
2025-12-28,-0.3255260507630665,0.0942581624061873,0.9682540943518163,0.0,0.9565601303179194,-0.2987135591848342,-0.0976903733950805,🔴 偏空 (SELL)
2025-12-29,-0.3893241450892636,0.01362371430152974,1.7294256154174772,0.0,1.718149889614725,-0.3389813642421887,-0.117849964793727,🔴 偏空 (SELL)
2025-12-30,-0.37575648094243674,0.011871566862589111,0.5526024706137634,0.0,0.5416994672094774,-0.33758119173002415,-0.11406442739342615,🔴 偏空 (SELL)
2025-12-31,-0.3627512146219152,0.02185837126764057,-0.842902017449306,0.0,-0.8535298051126662,-0.33809969076845753,-0.11055528456096908,🔴 偏空 (SELL)
2026-01-01,-0.33721124264402613,0.03709503318497237,-1.030714109905485,0.9118,-1.056189334497726,0.31813452780039914,0.18523290627539402,🟢 偏多 (BUY)
2026-01-02,-0.3341749532457819,-0.049983851367363635,-0.32655736865910157,0.9661,-0.35199303826221695,0.363179256676484,0.2036099971951435,🟢 偏多 (BUY)
2026-01-03,-0.195817849762232,0.04368200800601843,0.15874206110679978,0.8261,0.13519020935563836,0.36722313084982194,0.20412259571764307,🟢 偏多 (BUY)
2026-01-04,-0.16621613655329154,0.013289911416194827,-0.46636122887961257,0.7407,-0.4878236556736082,0.324006376528844,0.1863501685888298,🟢 偏多 (BUY)
2026-01-05,-0.27906207873589317,-0.015586851590515899,-0.8167805710480196,0.6538,-0.8370936402397019,0.18011055262034598,0.12254722573174,🟢 偏多 (BUY)
2026-01-06,-0.3782114983718387,-0.017996768360633325,0.4022449866281901,0.6585,0.3809930637380023,0.12127887659902027,0.09281115194764931,🟢 偏多 (BUY)
2026-01-07,-0.17407095684961746,-0.05319188968029113,0.7200930824011764,0.4595,0.7037096611039682,0.12946894000138204,0.09563029988646554,🟢 偏多 (BUY)
2026-01-08,-0.21147390781995754,-0.01651174061612315,1.2487213082818258,0.3077,1.2340112994554884,0.00014012807821947582,0.036021890409606905,🟢 偏多 (BUY)
2026-01-09,-0.09618168622261354,-0.021864014672146992,-0.2394773920374151,-0.2,-0.24479359078004503,-0.284108080701027,-0.08789687374413224,🔴 偏空 (SELL)
2026-01-10,-0.15741550871283,-0.06478084020079307,-0.014236065722246286,0.6667,-0.0335849628627267,0.28144517760838195,0.1659831692951701,🟢 偏多 (BUY)
2026-01-11,-0.19213252175707313,-0.11376377487808736,-0.19369177585019742,0.7358,-0.21374217537466217,0.30380266060575817,0.176525200366495,🟢 偏多 (BUY)
2026-01-12,-0.062320262294959156,-0.07224767552475156,1.0367236658824186,0.8387,1.0150139417194237,0.4772183045090949,0.2512502841301817,🟢 偏多 (BUY)
2026-01-13,0.2050141106950517,-0.1283454402707455,0.21153202263179915,0.8182,0.19268855543035632,0.6475540513703847,0.3300913094443285,🟢 偏多 (BUY)
2026-01-14,0.1353394937797815,-0.10875840936078694,-0.8454358149792139,0.5333,-0.860067491150568,0.3907211651160136,0.21736411082097343,🟢 偏多 (BUY)
2026-01-15,0.036992950164030425,-0.05109922391275344,0.6383674872704055,0.7391,0.6187288818196672,0.4754242450594512,0.2515060778456596,🟢 偏多 (BUY)
2026-01-16,0.0820330178334587,-0.14156688759319358,-1.9047661704567649,0.9375,-1.925674899060356,0.6286275659738948,0.3272582246121546,🟢 偏多 (BUY)
2026-01-17,0.10773785176452157,-0.09606400636339704,0.06708281657205926,0.6364,0.050236954482695044,0.4497655201649036,0.24148689316194993,🟢 偏多 (BUY)
2026-01-18,0.12104894005261627,-0.07114652078860034,1.4206599793520844,0.6596,1.4029063707857783,0.485075781690037,0.2537449781426496,🟢 偏多 (BUY)
2026-01-19,0.43210168833304874,-0.05709133409962333,1.4136836580257308,0.5738,1.3990876525601772,0.646659516459662,0.32645293087513694,🟢 偏多 (BUY)
2026-01-20,0.17373141136947287,-0.13196232911717617,-0.6202890959552271,0.2632,-0.6300472283397128,0.23025367274449826,0.14455162401134655,🟢 偏多 (BUY)
2026-01-21,0.2273747168344566,-0.1036691091591628,0.7454634637358939,0.5111,0.7313411623587848,0.45196171057247675,0.24064805155957442,🟢 偏多 (BUY)
2026-01-22,0.28642729417486157,-0.18313467303470177,-0.4747182565551928,0.8,-0.4919338039477098,0.6879257674760574,0.35009120175757913,🟢 偏多 (BUY)
2026-01-23,0.4026506535033333,-0.23380585726049324,0.6626349215332186,0.8947,0.6449586737262117,0.8450994444734647,0.41775531081260425,🟢 偏多 (BUY)
2026-01-24,0.26383793091492797,-0.16225441515087988,0.0015824787988451697,0.8667,-0.01722401482877313,0.7219691329920072,0.36413424943050404,🟢 偏多 (BUY)
2026-01-25,0.27294788090974803,-0.19012713012554197,0.17289549546965763,0.8222,0.15517305343990537,0.6984210250459376,0.353077362456541,🟢 偏多 (BUY)
2026-01-26,0.4025415705475968,-0.18520945776548114,1.5759458108901339,0.8571,1.5580797522309715,0.8251554201666464,0.4063330857282313,🟢 偏多 (BUY)
2026-01-27,0.3478942692957269,-0.1624294194439392,-0.4939032614664524,0.8,-0.5109865447040639,0.7316484256364639,0.3698134521040183,🟢 偏多 (BUY)
2026-01-28,0.3090430587958626,-0.15312016044234225,0.03355507190182282,0.6111,0.01907615054823926,0.5752211543062377,0.2980138875023115,🟢 偏多 (BUY)
2026-01-29,0.314910625002673,-0.27186059752302144,-1.2343989462992948,0.1765,-1.240016750659287,0.2655752869838039,0.16207919729576634,🟢 偏多 (BUY)
2026-01-30,0.3730744450387436,-0.11474696719313429,0.8633943391260834,-0.2222,0.8622371785993331,0.042488586765181746,0.056071981830691606,🟢 偏多 (BUY)
2026-01-31,0.3252196801900501,-0.19678205252370543,-0.2313282375311424,-0.4286,-0.2281656136593069,-0.1441769379484768,-0.024985425401538308,🔴 偏空 (SELL)
2026-02-01,0.43031893925369363,-0.26779114394519504,0.5009245294835749,-0.2444,0.5024394630234884,0.06493973246065544,0.06713800162957118,🟢 偏多 (BUY)
2026-02-02,0.23344833797814873,-0.1692870645960138,-0.5682255358113844,0.1273,-0.5749531679274801,0.1778468622702839,0.12082563619134698,🟢 偏多 (BUY)
2026-02-03,0.2566768697045082,-0.21202302877392193,-0.883741138659178,0.0,-0.887655137047218,0.10286310578032139,0.08792865263952773,🟢 偏多 (BUY)
2026-02-04,0.30597388125245994,-0.13962467186370858,0.5020380110972515,0.0,0.49722929054144416,0.1478666579065009,0.10446141007055952,🟢 偏多 (BUY)
2026-02-05,0.2966053620881871,-0.2158749937764205,-0.4554346525168619,-0.3478,-0.45348202362870255,-0.10952999016757001,-0.008793143423374311,🔴 偏空 (SELL)
2026-02-06,0.38168936735653386,-0.17528965880899153,1.755614112827658,0.04,1.7507749889840047,0.23864723462954157,0.14194187678124254,🟢 偏多 (BUY)
2026-02-07,0.48568313965771903,-0.15534927566886644,0.6264998761338707,0.0,0.6229700979946444,0.2768421075623193,0.16215113854969607,🟢 偏多 (BUY)
2026-02-08,0.2603384287174919,-0.10269167943677421,-0.16615756383009087,0.0,-0.1715496650817659,0.11069447921403298,0.08953123750771771,🟢 偏多 (BUY)
2026-02-09,0.3259069274579118,-0.1827615974548783,-0.257897928057194,0.8462,-0.2756754018376336,0.7499914078751481,0.37743492023657865,🟢 偏多 (BUY)
2026-02-10,0.27545957008790334,-0.1735368735830651,1.1755999673109914,0.8636,1.156787680554289,0.736313513037395,0.3674388433271594,🟢 偏多 (BUY)
2026-02-11,0.40116886007110697,-0.25608344063935196,0.8437040983932058,1.0,0.8245338250588834,0.9191116434414369,0.4505722691655898,🟢 偏多 (BUY)
2026-02-12,0.2919271596207584,-0.1378249146331251,-0.5198821518203113,0.7143,-0.5362109257272999,0.6315136715125012,0.3248297495887798,🟢 偏多 (BUY)
2026-02-13,0.24921528972040816,-0.14219884669468216,1.24858403821775,-1.0,1.2595849520374875,-0.5885207257612644,-0.22888955009505013,🔴 偏空 (SELL)
2026-02-14,0.06677943172805546,-0.09062850679407189,-1.3708307933961055,0.0,-1.377297753423292,-0.03575259836580864,0.02687779556469548,🟢 偏多 (BUY)
2026-02-15,0.29282764247145027,-0.11902924155316372,0.15818039639336115,0.0,0.15311614178608138,0.13611087480511402,0.10009541054036378,🟢 偏多 (BUY)
2026-02-16,0.06954036744514049,-0.14198846797598824,-0.4393109127739641,0.0,-0.44534366996289043,-0.027321379604609022,0.028171285160411282,🟢 偏多 (BUY)
2026-02-17,-0.050494896682560325,-0.14770975886326873,0.3819133403727236,0.0,0.37501959656448,-0.10714036927519674,-0.009940322873217736,🔴 偏空 (SELL)
2026-02-18,0.015994297837197545,-0.1383066909853738,0.3500439723640369,0.0,0.34345483538976046,-0.059944578830506384,0.01137807616836926,🟢 偏多 (BUY)
2026-02-19,0.07224719095828502,-0.10347935301385454,0.07489459941249871,-0.8,0.08133039847439845,-0.5826454074354476,-0.22308577248843664,🔴 偏空 (SELL)
2026-02-20,-0.11867149267395256,-0.1554519489727998,-0.8187572105951884,0.0,-0.8257065883412661,-0.16419831265892548,-0.03239040663301304,🔴 偏空 (SELL)
2026-02-21,-0.08742113779745161,-0.05247952182787783,-0.06370964695083625,1.0,-0.0881963448603894,0.564718579452812,0.2935764385873843,🟢 偏多 (BUY)
2026-02-22,-0.2735808890948592,-0.08168956039974112,-0.5806173866154454,0.8421,-0.603210358848312,0.3175994809957034,0.18377716061591437,🟢 偏多 (BUY)
2026-02-23,-0.20644101031248902,-0.12156070143457914,0.6164690013487862,0.8667,0.594107739701195,0.3910642134912508,0.21361792087506923,🟢 偏多 (BUY)
2026-02-24,-0.26499838124332403,-0.09268278695342806,0.19257152701872193,0.9245,0.16864772945257606,0.386910089839874,0.21289016024466914,🟢 偏多 (BUY)
2026-02-25,-0.0802650671412789,-0.11911091400512373,-0.3321779384881407,0.8,-0.3524839764906035,0.4275929363022249,0.2325915018946521,🟢 偏多 (BUY)
2026-02-26,-0.26719430034255515,-0.05467886361931438,0.07293915956224443,0.625,0.0534455742526186,0.17456735183455707,0.1176646082522752,🟢 偏多 (BUY)
2026-02-27,-0.3083804466778331,-0.03996895586300854,0.5408463870022897,0.0,0.5309983917740307,-0.2897114323586707,-0.09249876738125054,🔴 偏空 (SELL)
2026-02-28,-0.26539788452903756,-0.0479067909268586,0.5543653309868309,-0.2727,0.5493229529788688,-0.45019137218361377,-0.16474902363585772,🔴 偏空 (SELL)
2026-03-01,-0.26738162847550695,-0.016876973018134504,0.787687381943889,-0.2258,0.7814355580965666,-0.41703098851462433,-0.1504525182743065,🔴 偏空 (SELL)
2026-03-02,-0.3866859361275231,-0.031065211017155942,-0.7240371803327968,-0.7273,-0.7223380205245449,-0.8643707593144703,-0.3476804013463666,🔴 偏空 (SELL)
2026-03-03,-0.4871914536791431,-0.02668095065640835,-0.12279842861385715,-0.8519,-0.11988190410517138,-1.0191601306209899,-0.4189372433500282,🔴 偏空 (SELL)
2026-03-04,-0.3083847667784124,0.010301405785159763,-0.4985776044374232,-0.2333,-0.5050021639468384,-0.4605186298956069,-0.166567319628043,🔴 偏空 (SELL)
2026-03-05,-0.20093934372393926,0.11153215355707852,0.16631749439571875,0.2667,0.15101987520526802,-0.02849510067888849,0.026043595245499193,🟢 偏多 (BUY)
2026-03-06,-0.49771389270947125,0.04843506440405389,0.6405890021048477,0.1111,0.6266511696491246,-0.3459555135101946,-0.11805996200830168,🔴 偏空 (SELL)
2026-03-07,-0.5682774177818112,0.14950007898929846,-0.6212798510126154,-0.875,-0.620532653132531,-1.096384846311979,-0.4523383164580189,🔴 偏空 (SELL)
2026-03-08,-0.36093468311692417,0.03262330673663995,-0.26866694175243294,-0.5882,-0.2699580730924141,-0.7451754816644837,-0.2952669873312058,🔴 偏空 (SELL)
2026-03-09,-0.4339089916795744,0.01742052928211274,1.6869808127740413,-0.2877,1.6800811057673624,-0.5727854175139463,-0.22293801486395298,🔴 偏空 (SELL)
2026-03-10,-0.36114602803361706,0.09272804089512486,-0.44984950325725875,0.4242,-0.4683381331675677,-0.03664446704410244,0.024038437584274295,🟢 偏多 (BUY)
2026-03-11,-0.5977129093522053,0.0046506381015034015,0.1230585683060838,0.4444,0.10372102744942374,-0.18726199640881153,-0.04525992840490019,🔴 偏空 (SELL)
2026-03-12,-0.37779621607162134,0.10621347713741097,0.6643638356279002,-0.122,0.6542568664695405,-0.4236383645330365,-0.15308409427509878,🔴 偏空 (SELL)
2026-03-13,-0.41424531860943725,0.15335889947688958,-0.15876411259717993,-0.0476,-0.1706999806095398,-0.40316667463563555,-0.1416609512213832,🔴 偏空 (SELL)
2026-03-14,-0.36781568767527945,0.01373294961545446,0.7851366992351744,0.3333,0.7687747146025804,-0.09658495609525591,-0.006247533100262388,🔴 偏空 (SELL)
2026-03-15,-0.28987684197539687,0.208548773705799,-0.3852681786772765,0.1765,-0.40070929662758814,-0.15886772742434005,-0.031132106141628882,🔴 偏空 (SELL)
2026-03-16,-0.47668031511150505,0.09079198880059358,0.3641451537167819,0.3103,0.3466353089520861,-0.19316150212795202,-0.048565727645561454,🔴 偏空 (SELL)
2026-03-17,-0.1476002303352859,0.13160852902532083,-0.42933563159291394,0.3548,-0.4458488617084099,0.06715290526960664,0.07067731531697477,🟢 偏多 (BUY)
2026-03-18,-0.2794155389880874,0.13610613367567093,-1.1754279287486629,-0.0435,-1.186152360858308,-0.3113358072602104,-0.09762182417566506,🔴 偏空 (SELL)
2026-03-19,-0.3706063382144001,0.176290483523847,0.15344940762931597,-0.3488,0.14634220775827006,-0.58101240819037,-0.22252545511093957,🔴 偏空 (SELL)
2026-03-20,-0.3199009426831965,0.17208237532429863,-0.9339641811167323,-0.1429,-0.9438146289417936,-0.4081405942286907,-0.14182503106089347,🔴 偏空 (SELL)
2026-03-21,-0.3117414278891874,0.19233468858520142,-0.01303756222511453,-0.6129,-0.01563342225867481,-0.725364776098144,-0.2870361795631537,🔴 偏空 (SELL)
2026-03-22,-0.3274605621123705,0.1325645027196063,0.5757763103421983,-0.5745,0.5730548191860612,-0.7056066340385203,-0.27972588297561213,🔴 偏空 (SELL)
2026-03-23,-0.21133115822886342,0.15561129040007765,0.6457479677474605,-0.1628,0.6367383553537905,-0.3336125195730995,-0.11253381515242136,🔴 偏空 (SELL)
2026-03-24,-0.2311090227363473,0.15215021146758678,-0.26088273994688693,0.7083,-0.2839655342741705,0.2566923565104222,0.155518288235888,🟢 偏多 (BUY)
2026-03-25,-0.2048638457945807,0.22233478085761926,-0.6358844558116667,0.4231,-0.6549295434056864,0.07291148079975347,0.07382895726494348,🟢 偏多 (BUY)
2026-03-26,-0.05179558756864908,0.2020157210521626,0.26559525651126287,-0.1875,0.25749628547696635,-0.23978404240029488,-0.06930245381621494,🔴 偏空 (SELL)
2026-03-27,-0.10339000764617566,0.18344436897456481,0.0772881779073003,-0.4074,0.07272346427148078,-0.4321083031129664,-0.1553349365612359,🔴 偏空 (SELL)
2026-03-28,-0.061155053466837264,0.1778508996829763,-0.2613582013157756,-0.3793,-0.2659736291291083,-0.38468256934023654,-0.13308926417793113,🔴 偏空 (SELL)
2026-03-29,-0.08311198729914139,0.20711460675525686,-1.1609671067474239,-0.6154,-1.1620243028420902,-0.5721560834668644,-0.2150315018993179,🔴 偏空 (SELL)
2026-03-30,0.1740345750839174,0.1758626467645449,-0.06898839192416899,-0.3704,-0.07230930300275754,-0.2094116379515304,-0.05475304928275185,🔴 偏空 (SELL)
2026-03-31,-0.035760149796633806,0.17722063413727895,-0.9829773273274743,-0.2157,-0.9899303446088857,-0.2569389489275744,-0.07367460356966223,🔴 偏空 (SELL)
2026-04-01,0.16015264041219818,0.16954155881602972,1.2252596555194153,0.28,1.2110349108384735,0.24581245258771994,0.14661330421884422,🟢 偏多 (BUY)
2026-04-02,0.08426735978058128,0.21302890470460323,0.5046779499508809,0.0909,0.49269612966394205,0.05412585433120133,0.06229889289930757,🟢 偏多 (BUY)
2026-04-03,0.11858164512971658,0.26754054114723935,-0.09038882989549657,0.75,-0.11343291848434,0.5366339144204164,0.28100863337440424,🟢 偏多 (BUY)
2026-04-04,0.12330957852516446,0.16775517737333484,0.567158049791858,0.375,0.5513275318103842,0.2815273259592427,0.16445121938331186,🟢 偏多 (BUY)
2026-04-05,0.19634384720560796,0.14467765063877294,-0.28582676059307816,0.4118,-0.30132804086117004,0.3533689843241097,0.19906038499240045,🟢 偏多 (BUY)
2026-04-06,0.28759298500829966,0.14767779687152835,0.7468339529843558,0.6667,0.7274728095765692,0.6044147980976584,0.3092481921277908,🟢 偏多 (BUY)
2026-04-07,0.21645013070262448,0.2005328213928768,-0.10912641985852517,0.7308,-0.13042620478010872,0.5927076471822192,0.3062821988868095,🟢 偏多 (BUY)
2026-04-08,0.08401223509941097,0.18540075044226192,0.005940240583360978,0.8298,-0.0176356841234017,0.5684832219844204,0.29508091427764,🟢 偏多 (BUY)
2026-04-09,0.387158390432747,0.18070203109658278,0.10298857876353147,1.0,0.07855438455236584,0.9046280218817074,0.4460569198339885,🟢 偏多 (BUY)
2026-04-10,0.39868004310704636,0.20934866602170932,0.4816639554311315,0.8776,0.4588597966616838,0.8297280316319711,0.4113387716753585,🟢 偏多 (BUY)
2026-04-11,0.4570082063226595,0.1334866429080381,0.16377543426049598,0.75,0.14441344466773023,0.7794881435747626,0.38957891533391986,🟢 偏多 (BUY)
2026-04-12,0.30316739437267726,0.14776472390873485,-0.5468899794132801,0.7143,-0.5666377876296389,0.6398025167384175,0.32864057585481155,🟢 偏多 (BUY)
2026-04-13,0.3916138657540669,0.15736909846852887,-1.3763656271759415,0.8857,-1.3982878081321328,0.8172274360985803,0.4106960834153042,🟢 偏多 (BUY)
2026-04-14,0.35989423457446607,0.2245107210413408,-0.7467484572137075,0.9429,-0.7707642953881055,0.839252926143086,0.4189223087909837,🟢 偏多 (BUY)
2026-04-15,0.5630123219218013,0.09855874218081101,0.5601347586699811,0.7627,0.541560784895943,0.8666987258155179,0.42775033007954,🟢 偏多 (BUY)
2026-04-16,0.2808238384023764,0.1043955017356836,-0.5859704254980008,0.4762,-0.6014362838651888,0.4565802801272721,0.24630088495697025,🟢 偏多 (BUY)
2026-04-17,0.4022039073428913,0.13235864447574597,0.852294553635278,0.3103,0.8396170907070838,0.4369501513701381,0.23360381254725943,🟢 偏多 (BUY)
2026-04-18,0.4280574933519021,0.04516764630511374,0.7749860167908916,0.7436,0.7564908247441843,0.7585114813391912,0.37849958748030876,🟢 偏多 (BUY)
2026-04-19,0.39317213285333613,0.03964980532913536,-1.463550207041596,0.8333,-1.4831482456364178,0.7807932290371218,0.39453168679454603,🟢 偏多 (BUY)
2026-04-20,0.5364415029120012,0.11194614342107576,-1.1883653619644365,0.8947,-1.209022663502683,0.9280421761488068,0.46004478403269405,🟢 偏多 (BUY)
2026-04-21,0.311033737183405,0.044654136882980394,-1.3715241692324538,0.8889,-1.3926201149695991,0.761870960968775,0.38577559598790134,🟢 偏多 (BUY)
2026-04-22,0.4731413672550663,0.07589911841669582,-0.32752296143295323,0.3846,-0.34001273510152363,0.5312392881034022,0.2791893057213717,🟢 偏多 (BUY)
2026-04-23,0.29354910340757556,-0.05118082386047279,1.635865120886569,0.5897,1.6200277269405676,0.5605959126806762,0.2871396561204254,🟢 偏多 (BUY)
2026-04-24,0.2779024168550904,0.032764132275160944,1.5396284745952282,0.9,1.51763080649391,0.7664714712591046,0.3800392419181614,🟢 偏多 (BUY)
2026-04-25,0.18422410424916769,0.007492374139753051,-0.658753756970698,0.9259,-0.680946431100985,0.7023517716787325,0.35708855508112786,🟢 偏多 (BUY)
2026-04-26,0.46692266761863843,0.01237215236663286,-0.5345982359874045,0.6875,-0.5512393440149111,0.7376291470612427,0.3726121925918047,🟢 偏多 (BUY)
2026-04-27,0.3220928043002569,0.03830335725225491,1.4409303940225606,0.2667,1.4294840422292752,0.35324669784432805,0.1943628152628247,🟢 偏多 (BUY)
2026-04-28,0.39843691900882805,-0.03223719185098905,-0.7605958598083151,0.1795,-0.7687843617601008,0.330949730203432,0.1902276545085735,🟢 偏多 (BUY)
2026-04-29,0.2315858646094645,-0.05725588006317234,-0.20595622890072304,0.2,-0.21533360514802832,0.2302217136917557,0.14342486027079304,🟢 偏多 (BUY)
2026-04-30,0.16985621762855538,-0.0738196630209069,-0.31689672876026004,0.3043,-0.3281291987777172,0.2585353236600841,0.1564659127679801,🟢 偏多 (BUY)
2026-05-01,0.2496554625864012,-0.0584686507463234,-1.1081650891976267,0.76,-1.1263385642678214,0.6294135010090598,0.3254677650682039,🟢 偏多 (BUY)
2026-05-02,0.07653970269904892,-0.10515890872909198,-0.9032180020032441,0.9273,-0.9246674246885208,0.6246568945281826,0.32278679095220664,🟢 偏多 (BUY)
2026-05-03,0.22636300343626709,-0.041346560652368705,-0.7404458588226218,0.8846,-0.7610877558234087,0.7027837236037316,0.35749785626555863,🟢 偏多 (BUY)
2026-05-04,0.08557639444649162,-0.06508640931915241,-0.04751886414461656,0.76,-0.06686991040505187,0.5198739336250784,0.2733432990217207,🟢 偏多 (BUY)
2026-05-05,-0.10979673209647525,-0.1216588170223984,-1.2972410381762178,0.7368,-1.316449894287383,0.35543818986585557,0.20271419412505387,🟢 偏多 (BUY)
2026-05-06,-0.037386780592102785,-0.10473177286634566,-0.5824516060412684,0.6316,-0.5998659556636057,0.33835241444550207,0.193105087211161,🟢 偏多 (BUY)
2026-05-07,0.031885929341754604,-0.11452182673038147,0.4202121461008589,0.0625,0.4123958650015479,-0.004259913625317316,0.03624609596568591,🟢 偏多 (BUY)
2026-05-08,-0.0318752273867828,-0.1943679935981265,-0.1205005051580394,-0.1333,-0.1244209854753727,-0.19093688785637858,-0.04630134442682063,🔴 偏空 (SELL)
2026-05-09,-0.18952852123800706,-0.16350704941171712,0.896768533084204,0.5,0.880938963830961,0.1479074154764488,0.10345052387631229,🟢 偏多 (BUY)
2026-05-10,-0.13175815640766228,-0.16371432197944735,-0.3175841086530673,0.7419,-0.3367200359173544,0.35017259633346487,0.1977172383881938,🟢 偏多 (BUY)
2026-05-11,-0.27070009463079703,-0.14257479015078867,-0.5769465791324181,0.6216,-0.5951833576585891,0.16497371607894862,0.11508817648982286,🟢 偏多 (BUY)
2026-05-12,-0.14085125831129253,-0.14558319282718263,1.2966236411397412,-0.125,1.2909732145284638,-0.2527749363105336,-0.07791924457751633,🔴 偏空 (SELL)
2026-05-13,-0.3008679455842582,-0.10976077329635293,-0.09405281759518014,0.6066,-0.1127434052908789,0.13639464408006868,0.10093619470135326,🟢 偏多 (BUY)
2026-05-14,-0.30647652442809464,-0.12778772477342984,0.10458648826692069,0.6119,0.08595023776218896,0.13747870899418435,0.10089096810079973,🟢 偏多 (BUY)
2026-05-15,-0.16154395166386343,-0.15582417380448865,0.7978931301028598,0.1818,0.7873521319846944,-0.05593291185201986,0.011992290215916645,🟢 偏多 (BUY)
2026-05-16,-0.26376206011383324,-0.10728671276090453,0.5345679478730394,0.2,0.522562016604552,-0.11782121724301835,-0.01514146746835033,🔴 偏空 (SELL)
2026-05-17,-0.3915493866413258,-0.27286540974216866,-0.6063675202770247,-0.3778,-0.6074629538327709,-0.6223484066938325,-0.23910089526640455,🔴 偏空 (SELL)
2026-05-18,-0.3606337639295408,-0.19051500366226268,0.12813753989302712,0.0,0.11990138708673029,-0.3301115506870474,-0.10957239324598664,🔴 偏空 (SELL)
2026-05-19,-0.4516848609446503,-0.13584772022048638,-0.5646110160235638,0.0,-0.5739237191489089,-0.3998071727452877,-0.1390679207868711,🔴 偏空 (SELL)
