Date,X1,X2,X3,X4
2025-01-01,-0.11435626290900672,0.24724658179135067,0.41425928027237896,
2025-01-02,0.04954333298679747,0.18882056180621573,0.43232952399128277,
2025-01-03,0.05447231199247447,0.13952497958148014,0.6284892698749771,
2025-01-04,0.11695435379603739,0.18422575004859112,0.8662764503089477,
2025-01-05,0.1607705333151352,0.22894158809977536,0.3754202462419714,
2025-01-06,0.21208021589573714,0.2707899791107742,-0.4811952211571143,
2025-01-07,0.1216375317587002,0.11767349025387108,-0.48013520403285437,
2025-01-08,0.27972210245101065,0.1722375222589668,0.5668061264941787,
2025-01-09,0.10906331839625183,0.15954240223971364,0.1719164772468187,
2025-01-10,0.26783293206500636,0.1314221895778474,-0.47139093858936687,
2025-01-11,0.36892488273418705,0.1982707755118786,0.44658772167597766,
2025-01-12,0.24613340635510367,0.20652567639106229,-0.5690837623890767,
2025-01-13,0.3231434230456457,0.1842073949107726,0.3360502149554228,
2025-01-14,0.2441655279759018,0.17903891615562798,-0.755356557963982,
2025-01-15,0.3733602914196329,0.21941832242791084,-1.6002407561335337,
2025-01-16,0.2846421614291187,0.10653128807430953,-0.32386581267725556,
2025-01-17,0.5235850117928522,0.17561327174914756,0.07326906950142732,
2025-01-18,0.40238577840044354,0.1352337811693702,-0.7950031963796865,
2025-01-19,0.41755079890145835,0.10581836772893659,0.436116449569459,
2025-01-20,0.33569513485163105,0.09362900744558386,0.29273855250300124,
2025-01-21,0.22874728207666145,0.1567971291251499,0.07168094139445316,
2025-01-22,0.511925563305308,0.06077574237248463,0.7573578659015414,
2025-01-23,0.36561426512707734,-0.012567317441156606,-0.6764704569523867,
2025-01-24,0.30577426013140885,0.059356874557101494,-0.19306597645622858,
2025-01-25,0.3663513552448586,0.06027011682042149,-0.8023769137580996,
2025-01-26,0.3390956380303974,0.033537582940411904,-0.3108505082227759,
2025-01-27,0.3502219736335042,0.007298335445684794,-0.2012084966721801,
2025-01-28,0.28131421770631376,0.0021460858708984877,-0.3756835041483573,
2025-01-29,0.3006637156757945,-0.019966789240633786,0.7111844330798345,
2025-01-30,0.3319894457464863,0.0065040025157629446,0.05922984666983411,
2025-01-31,0.23621570376395015,-0.018964637378916085,0.5349644830952257,
2025-02-01,0.20499757178766959,0.0041737459171805255,-0.5737726077976865,
2025-02-02,0.12803974043234526,-0.0806772837265683,0.04561699832717783,
2025-02-03,0.14328354434012958,-0.04591892063943527,-0.17178969427252563,
2025-02-04,0.08215438676087111,-0.032664653173455536,-0.19774719585256498,
2025-02-05,0.03279717365808529,-0.11446363620062244,0.18416681388536596,
2025-02-06,0.10942945614701136,-0.03913889230958091,0.1490217731499176,
2025-02-07,-0.04290948680924536,-0.0832116246328898,1.430350663582926,
2025-02-08,0.17585152955422023,-0.10374101904000327,0.8914443956135996,
2025-02-09,-0.04190025448728759,-0.0926948748371772,-0.5596044598276505,
2025-02-10,-0.06917783076260095,-0.09112560061615893,1.534317187170732,
2025-02-11,-0.09484669200071738,-0.20738461170325148,-0.7109677138346782,
2025-02-12,-0.06858195447973753,-0.10519540631086177,0.01494516944214549,
2025-02-13,-0.2513265793950172,-0.20249320090521328,-0.3771717790186064,
2025-02-14,-0.1422993849078952,-0.10474855621890854,-0.5874515562435708,
2025-02-15,-0.14165226505230083,-0.11292642952799697,0.3858375425078995,
2025-02-16,-0.3606849865266392,-0.1657974910369117,-1.2193165141577902,
2025-02-17,-0.3609890629275351,-0.15416322069448493,0.4429779918369757,
2025-02-18,-0.317691868064931,-0.24215448370343007,0.6635458242910148,
2025-02-19,-0.4869753656464264,-0.1941862891523241,-0.09015114696902171,
2025-02-20,-0.4012341095860234,-0.18760352314370124,1.1485381296126707,
2025-02-21,-0.30325587140996935,-0.17979893280750572,0.4519794785567836,
2025-02-22,-0.40918136979976993,-0.18892186046457732,1.1645622455023912,
2025-02-23,-0.34597380082831347,-0.16124066381936375,0.2454202905728324,
2025-02-24,-0.5356663054144107,-0.13207334554436578,1.2983721543507654,
2025-02-25,-0.4093958417428718,-0.2291431669151821,0.38326180877509736,
2025-02-26,-0.35360800118804203,-0.2750224274517963,-0.17047844333442844,
2025-02-27,-0.41457248288336496,-0.1127373556643688,-0.9324586091087026,
2025-02-28,-0.4040799059019351,-0.15130823655779746,1.1387472543656267,
2025-03-01,-0.26530073445956226,-0.17963663885317263,-1.1031503332797905,
2025-03-02,-0.47362757045505044,-0.12778572841255992,0.5286164363357208,
2025-03-03,-0.4397072756845296,-0.1856278914687849,0.20433609533001706,
2025-03-04,-0.44157174131574956,-0.18124938354939013,-0.2178806035700058,
2025-03-05,-0.3861469215898203,-0.20933134934826375,0.20643075634307895,
2025-03-06,-0.4441201720374069,-0.23609318397576512,-0.22326757046990664,
2025-03-07,-0.24307342504077037,-0.1602530600668606,-0.731125234538576,
2025-03-08,-0.39364108187431535,-0.21957580294826473,1.3531843491764852,
2025-03-09,-0.22944226230347722,-0.1651061223595273,0.2009691482321553,
2025-03-10,-0.44648511766696264,-0.174284331254069,-1.0724112679687277,
2025-03-11,-0.11358333292455185,-0.12083897963641457,-0.15375142360581256,
2025-03-12,-0.0977965335774685,-0.1374580131359872,1.2587371995326098,
2025-03-13,-0.030866833957071266,-0.18569085891368053,0.054238727377291567,
2025-03-14,0.09037299549675595,-0.1698017445433165,-0.0442920129093787,
2025-03-15,0.010099135373269216,-0.1110416690079395,0.7236314541541712,
2025-03-16,-0.12941454862625992,-0.10885047959575386,-0.104985936100719,
2025-03-17,0.08408772130090401,-0.07296612543535551,-0.5955511537812799,
2025-03-18,-0.05677643468366157,-0.07240068954175735,0.4744708284687182,
2025-03-19,0.1688230872083562,-0.08664664991525019,-1.205156805589606,
2025-03-20,0.20911656531520015,-0.05704574016311335,-0.30455673596736704,
2025-03-21,0.14187725797326137,-0.08954063353376027,1.5405489737061782,
2025-03-22,0.24986020215072546,-0.008380623436741785,0.04800825288698482,
2025-03-23,0.27412185862365257,-0.07395767938751535,0.46091693904173603,
2025-03-24,0.10503997023429475,-0.004560265966625808,0.3759074120041012,
2025-03-25,0.08258213488763672,-0.028407916085833325,-0.20951887743002234,
2025-03-26,0.4890740930732397,-0.03826113853162466,1.0088016311430799,
2025-03-27,0.22542249143573503,0.023623473213086006,-0.6089650056297085,
2025-03-28,0.2987692214369509,0.0655355208054946,1.2204389226030217,
2025-03-29,0.26311908473046164,0.01314254552616913,-0.6645512628596234,
2025-03-30,0.40318606475231916,0.10095411012969367,0.8175667265168451,
2025-03-31,0.4027420406812675,0.020656491674017615,0.8016594307050783,
2025-04-01,0.41823683210639795,0.031994161097096574,1.4794486892841658,
2025-04-02,0.4080181271740144,0.09632224789894656,-0.06732725227292068,
2025-04-03,0.41230347423622393,0.026965209799762913,-1.4719288932493202,
2025-04-04,0.39562391314449197,0.10829394961874415,-0.10288371806659297,
2025-04-05,0.3792437112982688,0.110489197157406,0.786828360529963,
2025-04-06,0.43905108995263914,0.0765805907514818,0.6085070409857326,
2025-04-07,0.4629603256382322,0.1295983548910438,-0.7947150869168562,
2025-04-08,0.2578581249673164,0.1260239353526141,-1.0392152680775284,
2025-04-09,0.4364645432025956,0.026480316158298003,0.9069942721848806,
2025-04-10,0.26385659486207047,0.1249483901668536,-1.0243752326416475,
2025-04-11,0.26091812999825426,0.11685687608487755,-0.027056869660098133,
2025-04-12,0.3551661133990682,0.1443507288908076,-0.09949410102999336,
2025-04-13,0.4004588977295899,0.19596820732672454,0.5975352886681885,
2025-04-14,0.15507970561653256,0.09327366868913771,1.425370522959279,
2025-04-15,0.37528941513970854,0.22595058682461247,0.8382583730182838,
2025-04-16,0.2802161972686341,0.24078909843893428,-0.044899211512548734,
2025-04-17,0.1196813633475232,0.24315668058001136,-0.5839364146257159,
2025-04-18,0.307387193065749,0.19149283527770775,-1.1045316993603898,
2025-04-19,0.24292545627763468,0.17570460749722275,0.47950005674525703,
2025-04-20,0.11722120460997695,0.18824474564007634,-0.5935293505117267,
2025-04-21,0.11444683087605846,0.15674093097962322,0.14172675762312198,
2025-04-22,0.148775343370438,0.22856462255775054,-0.17098401084412435,
2025-04-23,0.00749494037187479,0.20048225599769964,0.3608781131632203,
2025-04-24,-0.017654742928030237,0.23179134116509834,1.4322376623027955,
2025-04-25,-0.03314465315211794,0.21093250012290418,-0.2773523295551221,
2025-04-26,-0.029882096077171842,0.16210588403054504,1.4192652061678996,
2025-04-27,-0.17404795020618724,0.22074410992901664,0.8886293172188321,
2025-04-28,-0.09024424466162907,0.1225031581080079,0.43143899004842745,
2025-04-29,-0.04841722543049448,0.18740001327912129,-0.1203679364693153,
2025-04-30,-0.2761883943409393,0.18643800667125757,-0.49130362960283763,
2025-05-01,-0.14351811630683514,0.2142758373809663,0.2892374069838327,
2025-05-02,-0.22657247769618066,0.20401077558543387,0.33181073417548346,
2025-05-03,-0.28380282154502057,0.16778679115027595,0.6026858419290654,
2025-05-04,-0.26907671365994246,0.2131831152297481,-0.7459454153893583,
2025-05-05,-0.45258629826089614,0.21947822329851546,0.06632767478462993,
2025-05-06,-0.3847982138324529,0.15934984923534565,-0.5786175645538463,
2025-05-07,-0.3168962654881159,0.12057996113396441,-0.5276268618257794,
2025-05-08,-0.36636545636126266,0.14874366337112582,0.05352813867039616,
2025-05-09,-0.33520945872003444,0.1260376958033212,-1.4796132076341184,
2025-05-10,-0.37870149904784,0.14429841637369967,-0.1896162856778547,
2025-05-11,-0.3290472224137714,0.16355774145449417,0.6641039960045663,
2025-05-12,-0.351824071381596,0.09500134437649205,-0.7548542660213408,
2025-05-13,-0.38518363438117814,0.03755995571019207,-1.8984967268627657,
2025-05-14,-0.43850203510903824,0.00859242156141006,-1.0837774717814768,
2025-05-15,-0.5070761345173952,0.05315279154064203,-0.21794077061659892,
2025-05-16,-0.4093537613374576,0.06837355148942265,0.8158067179936422,
2025-05-17,-0.2897822196505228,0.11582581959051047,0.17162545574793645,
2025-05-18,-0.31204160704911416,0.07713267826421524,-0.2494801179384731,
2025-05-19,-0.34246433713050217,0.03197861300436185,0.7786717650442546,
2025-05-20,-0.23406194756873866,-0.022316779585629814,0.8539964745770275,
2025-05-21,-0.41842686764076575,0.029701287021270045,0.2426344516619925,
2025-05-22,-0.22678234248543475,-0.003919129412635845,0.39614279700784927,
2025-05-23,-0.15470089507889728,0.018772422561595066,-0.39282395240612145,
2025-05-24,-0.3099456693271405,-0.06775622294671631,-0.30156882369301247,
2025-05-25,-0.20799640813343723,-0.00543822268614555,0.0524471228049852,
2025-05-26,-0.20614704134961048,-0.07952841369630773,-0.048165642750640086,
2025-05-27,-0.2137449902793403,-0.016669980828067435,-0.09957940735639975,
2025-05-28,-0.06475632997214353,-0.05347516628270109,0.7130831710067633,
2025-05-29,-0.11507008614822073,-0.10468738917376998,0.6125023922952719,
2025-05-30,-0.1491682299420836,-0.10328304516581291,0.4658984647451321,
2025-05-31,0.01935518521448111,-0.11238909279871828,-0.489469467526419,
2025-06-01,0.022551900362171032,-0.1170249029146415,0.30421848510621313,
2025-06-02,-0.1550774347289566,-0.04586114851478808,0.46097080400167645,
2025-06-03,-0.013629083178187867,-0.10532283463641952,0.05784431868119824,
2025-06-04,0.2187403277291557,-0.20000925129322877,-0.1897156679839091,
2025-06-05,0.051438948018715,-0.11221965947639881,0.6646225915138453,
2025-06-06,0.13376914942519624,-0.14829725351693127,-1.2574239130029703,
2025-06-07,0.2972620533564369,-0.09328448560447067,-0.2915430078262148,
2025-06-08,0.41545638730129536,-0.11967286229087414,-0.34670554880546767,
2025-06-09,0.38161950410646406,-0.22564656094960106,-0.7883570669524478,
2025-06-10,0.17000949658069586,-0.13073913918466268,1.236124751224077,
2025-06-11,0.3110401368351143,-0.1756020597065433,-0.24729613258181737,
2025-06-12,0.4845982711439085,-0.24550614818464217,1.0949915120660172,
2025-06-13,0.2656596037567904,-0.1601314732953604,-0.5022857503926158,
2025-06-14,0.4794180679137331,-0.23887260960323004,-0.4258159496480805,
2025-06-15,0.45446263373503104,-0.2551602600033349,0.19394428809954656,
2025-06-16,0.44510617124756185,-0.17693335265646865,0.5496470083978251,
2025-06-17,0.3855126355513952,-0.1273236432433791,0.261749700305333,
2025-06-18,0.30366861057403516,-0.19702118669832316,-0.06539834802044289,
2025-06-19,0.437037387633423,-0.13308176832243532,-0.044784757247370244,
2025-06-20,0.3261479932220849,-0.13971105569110195,0.5716938114237035,
2025-06-21,0.5068775147373787,-0.21516719767179948,-0.34217453807425446,
2025-06-22,0.260694250675894,-0.24637617941142254,-0.10310708218190119,
2025-06-23,0.3786254372968676,-0.22213340293838862,-1.3707885907895292,
2025-06-24,0.45284791621010256,-0.2152602089939041,-0.22587138504821117,
2025-06-25,0.5270691739792508,-0.2292028258953302,0.4018333225901589,
2025-06-26,0.4205186286651496,-0.1429262765355318,0.4384745089751399,
2025-06-27,0.430766438342172,-0.1265395085627642,0.9498639481783416,
2025-06-28,0.47562482061863975,-0.17145620913065202,-0.04877839288666655,
2025-06-29,0.33270101196135604,-0.17350044005833265,-0.40794208129573195,
2025-06-30,0.277577313036045,-0.14176717333623878,-0.3404450281620577,
2025-07-01,0.250171573205466,-0.1134278213990058,-0.5453078960529057,
2025-07-02,0.11406831573855726,-0.1669325543330524,0.43563573127593647,
2025-07-03,0.11726900825864434,-0.20062046395975952,-1.1229130180051425,
2025-07-04,0.2751930422897994,-0.10101064374719479,0.05044297720281424,
2025-07-05,0.07478662711437171,-0.11952921859933661,1.6843275591897804,
2025-07-06,0.09531190627207262,-0.11551167301395272,0.15451114151996512,
2025-07-07,0.060261690145202995,-0.12937424874652678,0.03882824367331038,
2025-07-08,-0.054249112345041976,-0.0467144593984753,0.16522661802799968,
2025-07-09,0.01838543782163374,-0.10949201319038536,1.0892077179939497,
2025-07-10,-0.015182606210325841,-0.09034187508236304,1.4630293123943665,
2025-07-11,-0.010270466840833534,-0.06494646111497339,0.18777310367245284,
2025-07-12,-0.16052101535158422,-0.016084323163379398,-0.7283798875791145,
2025-07-13,-0.1353253396121826,-0.08188058236614111,-0.10136693086754961,
2025-07-14,-0.26955319687263746,-0.02791100908974629,0.21355107588800798,
2025-07-15,-0.2503713787874429,-0.10921177887291839,0.930483235153044,
2025-07-16,-0.3517759101060005,-0.05523086272814824,0.33391178214725636,
2025-07-17,-0.1320594665656593,0.011323822694922818,-1.4657489312241576,
2025-07-18,-0.32096227007310135,-0.08447352958364973,0.28818871053851297,
2025-07-19,-0.406542196173756,0.055870981350473845,0.618123816845225,
2025-07-20,-0.23047052035418278,0.006641191126418269,-0.03352494868059504,
2025-07-21,-0.4433693639930873,0.09724624681976385,-0.06139856014174189,
2025-07-22,-0.36239413830280015,0.07394586523660635,-0.2647327221230435,
2025-07-23,-0.3277594177843766,0.1235915101437974,-0.1694290764491938,
2025-07-24,-0.42859579253122937,0.016358194790155434,0.5408453141734614,
2025-07-25,-0.3430551925806326,0.053072720311439545,-0.9797894023893188,
2025-07-26,-0.3542961190574943,-0.0033879015058703027,-1.338210209570849,
2025-07-27,-0.41810824322205264,0.12742281683969037,-1.1546998417813,
2025-07-28,-0.33706950204639247,0.12713617544101816,-0.011056976604299553,
2025-07-29,-0.4940646702879202,0.2264509517685343,-1.1495581912315138,
2025-07-30,-0.3271468529741238,0.14516491394015033,0.42800723211561265,
2025-07-31,-0.3436849296892512,0.1633928518341261,0.06460544097251766,
2025-08-01,-0.4374496904522116,0.10854781518685502,0.7783207341776364,
2025-08-02,-0.48080710142133004,0.13992083104858244,0.08609683416621845,
2025-08-03,-0.3889068375545723,0.14803620380288082,-0.7057637639629784,
2025-08-04,-0.23168747204586848,0.15857259344722685,0.06196514260436534,
2025-08-05,-0.3603539379846548,0.15074471677462778,0.6598462304485185,
2025-08-06,-0.10264348246282431,0.15675908349882875,-0.30494026388904,
2025-08-07,-0.10497100093029885,0.14201384360255945,-0.348472814409843,
2025-08-08,-0.1090235881660132,0.13192543287902686,0.4983227089455282,
2025-08-09,-0.2657956154815452,0.16971640786494507,-0.29574950566889296,
2025-08-10,-0.12025748988573776,0.22532058307275804,-0.23922145489960933,
2025-08-11,-0.21651297397794872,0.17989142792473697,-0.7222212858869481,
2025-08-12,-0.1602640660262491,0.2470234859235121,-0.9318974832413256,
2025-08-13,0.05255003860846788,0.2745920892168246,-0.9650844519267561,
2025-08-14,0.11117563691622127,0.22311762960802084,-0.4380070698779207,
2025-08-15,-0.06694732847493484,0.13201708570029408,-2.1160622738254338,
2025-08-16,-0.03523208660879759,0.20056316970467064,0.7763792483997299,
2025-08-17,0.0704649951947621,0.17704833899228328,-0.28963524713366895,
2025-08-18,0.09239895453151449,0.19909002113410934,-0.6790073510781651,
2025-08-19,0.10179354144945252,0.2429134507750872,0.9190991649240647,
2025-08-20,0.18022893172575652,0.2079993866812414,-0.24524652293220225,
2025-08-21,0.2352407163458279,0.18500155280309447,-0.32888329889339285,
2025-08-22,0.1786909511088967,0.23678685788944348,1.3441950604677895,
2025-08-23,0.1705989827935982,0.1858694325611698,-2.1400255540623574,
2025-08-24,0.30183376301934,0.29145290482314323,0.1694259019848312,
2025-08-25,0.2210121859459518,0.16451305107096756,0.352317582892934,
2025-08-26,0.2933566021732802,0.11379349904520013,0.40474829024924514,
2025-08-27,0.41454263366133715,0.16273818672298782,0.6206070192319199,
2025-08-28,0.4680693402035316,0.1608422147130186,-0.18111267451329002,
2025-08-29,0.28148565956438826,0.13019602939729943,-0.1409381116678933,
2025-08-30,0.4776471244665622,0.11404908977667434,0.07300189205635745,
2025-08-31,0.3870918587767724,0.19975321584667083,0.7736700672755796,
2025-09-01,0.37446854557454134,0.13763153040725454,-1.0611968833648093,
2025-09-02,0.44044798992650686,0.1751285999825695,0.6562819749404728,
2025-09-03,0.4364139977406353,0.10739986770526255,-1.4475915589674768,
2025-09-04,0.47546185621162007,0.08878297672560784,0.09593835607812883,
2025-09-05,0.3444084213811638,0.12944059488945334,-1.155067001792756,
2025-09-06,0.43210215747585706,0.06809830184163411,0.19746900857579988,
2025-09-07,0.4662227429260778,0.04753311564648971,-0.5420688047591593,
2025-09-08,0.35810627759935787,0.11616312417364015,1.055688267376039,
2025-09-09,0.3870838262287311,0.0023807479236332835,0.6521107216594688,
2025-09-10,0.4314609321050355,0.059450663062053356,-0.030137809872300164,
2025-09-11,0.3064742440969978,-0.04113236548601967,1.8838229514692628,
2025-09-12,0.37622668082224997,-0.07579791575184888,0.015137096173783216,
2025-09-13,0.26720266439601437,-0.030375279724692127,-1.5193043051074946,
2025-09-14,0.15035293728313787,-0.009782115801693046,-0.13288682708466024,
2025-09-15,0.2561207620907687,-0.03517590616200021,-0.39794487972860165,
2025-09-16,0.2540824599996667,-0.0588255932441315,-1.1338456768216039,
2025-09-17,0.26881296831133844,-0.05626578660678827,-1.0466457017977715,
2025-09-18,0.12504551758673588,-0.029727661181886533,-0.10307298798193183,
2025-09-19,0.21226432597799239,-0.08513006859583343,-0.6787103773526577,
2025-09-20,0.051736364365478855,-0.04611977761730259,-0.5959610023677342,
2025-09-21,-0.0036208331121205042,-0.13059938933203294,-1.0696357633608518,
2025-09-22,-0.03012274588025108,-0.0238752575089108,-0.14181117478765154,
2025-09-23,0.05441013851163531,-0.1362928159784294,-0.19875053185287608,
2025-09-24,-0.09746563252388483,-0.16243535425628372,1.4503620538855122,
2025-09-25,-0.035742890169544836,-0.1413213893165934,-0.4527220790146001,
2025-09-26,-0.2616742580193089,-0.07775906151038717,-0.4124285857117236,
2025-09-27,-0.20473276641544175,-0.08395016017547569,0.08774534638490117,
2025-09-28,-0.23481512431973942,-0.13078060684632808,-0.023193957060794385,
2025-09-29,-0.21333287835309617,-0.17630966702410783,-0.339550883725681,
2025-09-30,-0.1474744713216954,-0.11837165515618968,-0.9704690008688144,
2025-10-01,-0.20205362095582802,-0.14577284683579012,0.07665843551419502,
2025-10-02,-0.3284434413085062,-0.1191385225323275,0.9268620796970485,
2025-10-03,-0.32569891087505026,-0.11492747413413042,0.07675530530839811,
2025-10-04,-0.2861179717101505,-0.21577074966797852,0.3398881910672117,
2025-10-05,-0.4699811392592088,-0.2805512727727729,-0.38772589139063796,
2025-10-06,-0.39059005153848614,-0.2110328974360631,-1.2427388718055534,
2025-10-07,-0.43043781242296025,-0.18628070092186189,-0.8587744051408661,
2025-10-08,-0.5624212127325641,-0.21515958125595108,1.2073127564989656,
2025-10-09,-0.4081557050648266,-0.16798637694352414,-0.8762615281709817,
2025-10-10,-0.5457911860116076,-0.24624913095381412,-1.072044363549674,
2025-10-11,-0.32487577956819247,-0.27851864436043644,0.8859594414767721,
2025-10-12,-0.4472545486028636,-0.216770419776104,0.6687219006096619,
2025-10-13,-0.39990256108862327,-0.23038345168235042,0.5825522740896818,
2025-10-14,-0.3095390891505204,-0.18132604911373607,0.08975606314346768,
2025-10-15,-0.3823840275828636,-0.21153636584870245,-0.0671576952520854,
2025-10-16,-0.3859913909654154,-0.1731688232243551,-0.7443053594818527,
2025-10-17,-0.2981997421315893,-0.1253129064656941,-0.06571817300374744,
2025-10-18,-0.33380677351620075,-0.25670175686427277,-1.0431165376249492,
2025-10-19,-0.3500527643909929,-0.20359522185392834,0.39981275520907317,
2025-10-20,-0.3609167181147882,-0.16784397853330293,-1.0468720246047167,
2025-10-21,-0.27781101963046884,-0.19363326027246291,0.7139408286756017,
2025-10-22,-0.17184053119762785,-0.16644002543832026,-0.39251166413345473,
2025-10-23,-0.30008357723145374,-0.19381436935783544,-0.5451909577066226,
2025-10-24,-0.12734570969194328,-0.1674829739210127,0.9770164817068259,
2025-10-25,-0.14010442204293339,-0.08719212773268606,-0.5788576706188461,
2025-10-26,-0.08914215574489359,-0.0728185800881079,1.0561419768168467,
2025-10-27,-0.16712756124113307,-0.08372502835549261,0.39048027949773917,
2025-10-28,0.01187037533157586,-0.13845777163354533,0.8088654412511522,
2025-10-29,-0.011292981668176553,-0.0619897929103344,0.2365890338186848,
2025-10-30,0.09021113390394969,-0.14943382554743098,0.4754428999634325,
2025-10-31,0.05879091638781031,-0.05088865101128518,-0.3428932456440524,
2025-11-01,0.18687392508690326,-0.09423497689235719,-0.22643570362362855,
2025-11-02,0.07730892386406543,-0.047924786421075026,0.06037601609062146,
2025-11-03,0.10378557032941094,-0.028377555926938573,-0.9021017309515292,
2025-11-04,0.19822030114366943,-0.027557981972678496,1.6516090752100732,
2025-11-05,0.211965961190626,-0.0472198298650392,1.0095779506952156,
2025-11-06,0.14315270720512718,0.011762376716082518,0.6607176429050619,
2025-11-07,0.31040883572010186,0.025983075181659473,0.694530503965372,
2025-11-08,0.3642178245169517,-0.04537081374299098,0.33488912516507624,
2025-11-09,0.39196588004967986,-0.01509326512349584,-0.10963858316794826,
2025-11-10,0.2789206764427303,0.0035838121974031516,1.0330974437601144,
2025-11-11,0.4371212288570412,0.035946748040576466,0.3479898587882483,
2025-11-12,0.29573823865664683,0.02416437807207225,-1.1837185029654833,
2025-11-13,0.3697150189423767,0.06366304932375513,1.1093261011439466,
2025-11-14,0.45173781909665,-0.0023972207864206424,-0.14047321491213843,
2025-11-15,0.31383209831747777,0.030679754678976538,-1.1061566828485039,
2025-11-16,0.30592192415521047,0.11496192989121781,-0.7406115218482148,
2025-11-17,0.3640112271610016,0.12693032308019803,0.6773262194440242,
2025-11-18,0.5053803464159478,0.13215439373900095,-1.1017313749173445,
2025-11-19,0.4286075388820787,0.1827397119306679,0.240463717031056,
2025-11-20,0.3615517155629964,0.13090450635824283,0.9104520302358861,
2025-11-21,0.32906091174291024,0.14300285178426073,-0.47282572294127934,
2025-11-22,0.32032545845561133,0.15282452652300696,-0.8609363636854863,
2025-11-23,0.35181640720634355,0.12307995300188676,-0.1559360518933441,
2025-11-24,0.36395308078616434,0.1448603222305345,0.04854776017334114,
2025-11-25,0.38419263453543845,0.19975501220774466,-0.2834585172380437,
2025-11-26,0.374751687982433,0.1812463626079506,-0.13226023948917442,
2025-11-27,0.322222039105855,0.19627519620296194,0.26835364365821984,
2025-11-28,0.2799091954959346,0.1724823735259925,-0.7092407772222027,
2025-11-29,0.15372183559912408,0.20406047614544476,0.5601653554819958,
2025-11-30,0.17880214146198148,0.13104717323438606,0.5209119690341796,
2025-12-01,0.10830943184816248,0.20013967816836736,-0.38451974731147875,
2025-12-02,0.02341354432029033,0.17888175548489083,-1.4472881128364714,
2025-12-03,0.2908780208524116,0.17580258975489133,-0.2220146044881923,
2025-12-04,0.06150413350293534,0.20127683543326988,0.11031119937049433,
2025-12-05,0.233669368253975,0.22078836846327507,-0.047287573183667914,
2025-12-06,-0.1665249144877148,0.13011402808580708,-0.9369306343407848,
2025-12-07,-0.1342335342396196,0.2296418133879265,-0.028595992330735856,
2025-12-08,-0.11759902964484273,0.17105915105050618,0.8512638406905719,
2025-12-09,0.03449237719538513,0.16826043807072263,-0.2427227135158018,
2025-12-10,-0.18119126152522283,0.25898183798555435,0.9979506301173728,
2025-12-11,-0.13675693978709222,0.15433253720831752,1.2130743891502362,
2025-12-12,-0.20114032362124246,0.18502890326866192,-0.0754559730135221,
2025-12-13,-0.14647495503579028,0.24908690678170636,-0.4340366978931234,
2025-12-14,-0.33166147947206026,0.12012725761153598,0.46679396898618686,
2025-12-15,-0.24885561661151082,0.22709922242970212,-1.0815505398411467,
2025-12-16,-0.305778141575102,0.18168465695882266,-0.7767658598430759,
2025-12-17,-0.3339422714387681,0.19866127374838782,0.6991025148026847,
2025-12-18,-0.3956808184093092,0.16483966377981304,-0.7840750665765652,
2025-12-19,-0.29059124336238656,0.2137298274331257,-0.10229571355973743,
2025-12-20,-0.4541285933575278,0.12870952973014946,1.8873994298449572,
2025-12-21,-0.2677779597846094,0.08969715109349563,0.25629837389132754,
2025-12-22,-0.43640913130516346,0.06482516577346388,-1.7733700043874738,
2025-12-23,-0.48960151646612765,0.1797546591177458,-0.2787241765279423,
2025-12-24,-0.4012764602660011,0.09836738395793578,0.5519540119901848,
2025-12-25,-0.3652578032204385,0.11473736668702647,0.5500607174806396,
2025-12-26,-0.30124264379586363,0.1423212325153427,0.42352816659783205,
2025-12-27,-0.489940998125346,0.07480374875241154,-0.021179268784502395,
2025-12-28,-0.3255260507630665,0.0942581624061873,0.9682540943518163,
2025-12-29,-0.3893241450892636,0.01362371430152974,1.7294256154174772,
2025-12-30,-0.37575648094243674,0.011871566862589111,0.5526024706137634,
2025-12-31,-0.3627512146219152,0.02185837126764057,-0.842902017449306,
2026-01-01,-0.33721124264402613,0.03709503318497237,-1.030714109905485,0.9118
2026-01-02,-0.3341749532457819,-0.049983851367363635,-0.32655736865910157,0.9661
2026-01-03,-0.195817849762232,0.04368200800601843,0.15874206110679978,0.8261
2026-01-04,-0.16621613655329154,0.013289911416194827,-0.46636122887961257,0.7407
2026-01-05,-0.27906207873589317,-0.015586851590515899,-0.8167805710480196,0.6538
2026-01-06,-0.3782114983718387,-0.017996768360633325,0.4022449866281901,0.6585
2026-01-07,-0.17407095684961746,-0.05319188968029113,0.7200930824011764,0.4595
2026-01-08,-0.21147390781995754,-0.01651174061612315,1.2487213082818258,0.3077
2026-01-09,-0.09618168622261354,-0.021864014672146992,-0.2394773920374151,-0.2
2026-01-10,-0.15741550871283,-0.06478084020079307,-0.014236065722246286,0.6667
2026-01-11,-0.19213252175707313,-0.11376377487808736,-0.19369177585019742,0.7358
2026-01-12,-0.062320262294959156,-0.07224767552475156,1.0367236658824186,0.8387
2026-01-13,0.2050141106950517,-0.1283454402707455,0.21153202263179915,0.8182
2026-01-14,0.1353394937797815,-0.10875840936078694,-0.8454358149792139,0.5333
2026-01-15,0.036992950164030425,-0.05109922391275344,0.6383674872704055,0.7391
2026-01-16,0.0820330178334587,-0.14156688759319358,-1.9047661704567649,0.9375
2026-01-17,0.10773785176452157,-0.09606400636339704,0.06708281657205926,0.6364
2026-01-18,0.12104894005261627,-0.07114652078860034,1.4206599793520844,0.6596
2026-01-19,0.43210168833304874,-0.05709133409962333,1.4136836580257308,0.5738
2026-01-20,0.17373141136947287,-0.13196232911717617,-0.6202890959552271,0.2632
2026-01-21,0.2273747168344566,-0.1036691091591628,0.7454634637358939,0.5111
2026-01-22,0.28642729417486157,-0.18313467303470177,-0.4747182565551928,0.8
2026-01-23,0.4026506535033333,-0.23380585726049324,0.6626349215332186,0.8947
2026-01-24,0.26383793091492797,-0.16225441515087988,0.0015824787988451697,0.8667
2026-01-25,0.27294788090974803,-0.19012713012554197,0.17289549546965763,0.8222
2026-01-26,0.4025415705475968,-0.18520945776548114,1.5759458108901339,0.8571
2026-01-27,0.3478942692957269,-0.1624294194439392,-0.4939032614664524,0.8
2026-01-28,0.3090430587958626,-0.15312016044234225,0.03355507190182282,0.6111
2026-01-29,0.314910625002673,-0.27186059752302144,-1.2343989462992948,0.1765
2026-01-30,0.3730744450387436,-0.11474696719313429,0.8633943391260834,-0.2222
2026-01-31,0.3252196801900501,-0.19678205252370543,-0.2313282375311424,-0.4286
2026-02-01,0.43031893925369363,-0.26779114394519504,0.5009245294835749,-0.2444
2026-02-02,0.23344833797814873,-0.1692870645960138,-0.5682255358113844,0.1273
2026-02-03,0.2566768697045082,-0.21202302877392193,-0.883741138659178,
2026-02-04,0.30597388125245994,-0.13962467186370858,0.5020380110972515,
2026-02-05,0.2966053620881871,-0.2158749937764205,-0.4554346525168619,-0.3478
2026-02-06,0.38168936735653386,-0.17528965880899153,1.755614112827658,0.04
2026-02-07,0.48568313965771903,-0.15534927566886644,0.6264998761338707,
2026-02-08,0.2603384287174919,-0.10269167943677421,-0.16615756383009087,
2026-02-09,0.3259069274579118,-0.1827615974548783,-0.257897928057194,0.8462
2026-02-10,0.27545957008790334,-0.1735368735830651,1.1755999673109914,0.8636
2026-02-11,0.40116886007110697,-0.25608344063935196,0.8437040983932058,1.0
2026-02-12,0.2919271596207584,-0.1378249146331251,-0.5198821518203113,0.7143
2026-02-13,0.24921528972040816,-0.14219884669468216,1.24858403821775,-1.0
2026-02-14,0.06677943172805546,-0.09062850679407189,-1.3708307933961055,0.0
2026-02-15,0.29282764247145027,-0.11902924155316372,0.15818039639336115,0.0
2026-02-16,0.06954036744514049,-0.14198846797598824,-0.4393109127739641,0.0
2026-02-17,-0.050494896682560325,-0.14770975886326873,0.3819133403727236,0.0
2026-02-18,0.015994297837197545,-0.1383066909853738,0.3500439723640369,0.0
2026-02-19,0.07224719095828502,-0.10347935301385454,0.07489459941249871,-0.8
2026-02-20,-0.11867149267395256,-0.1554519489727998,-0.8187572105951884,0.0
2026-02-21,-0.08742113779745161,-0.05247952182787783,-0.06370964695083625,1.0
2026-02-22,-0.2735808890948592,-0.08168956039974112,-0.5806173866154454,0.8421
2026-02-23,-0.20644101031248902,-0.12156070143457914,0.6164690013487862,0.8667
2026-02-24,-0.26499838124332403,-0.09268278695342806,0.19257152701872193,0.9245
2026-02-25,-0.0802650671412789,-0.11911091400512373,-0.3321779384881407,0.8
2026-02-26,-0.26719430034255515,-0.05467886361931438,0.07293915956224443,0.625
2026-02-27,-0.3083804466778331,-0.03996895586300854,0.5408463870022897,0.0
2026-02-28,-0.26539788452903756,-0.0479067909268586,0.5543653309868309,-0.2727
2026-03-01,-0.26738162847550695,-0.016876973018134504,0.787687381943889,-0.2258
2026-03-02,-0.3866859361275231,-0.031065211017155942,-0.7240371803327968,-0.7273
2026-03-03,-0.4871914536791431,-0.02668095065640835,-0.12279842861385715,-0.8519
2026-03-04,-0.3083847667784124,0.010301405785159763,-0.4985776044374232,-0.2333
2026-03-05,-0.20093934372393926,0.11153215355707852,0.16631749439571875,0.2667
2026-03-06,-0.49771389270947125,0.04843506440405389,0.6405890021048477,0.1111
2026-03-07,-0.5682774177818112,0.14950007898929846,-0.6212798510126154,-0.875
2026-03-08,-0.36093468311692417,0.03262330673663995,-0.26866694175243294,-0.5882
2026-03-09,-0.4339089916795744,0.01742052928211274,1.6869808127740413,-0.2877
2026-03-10,-0.36114602803361706,0.09272804089512486,-0.44984950325725875,0.4242
2026-03-11,-0.5977129093522053,0.0046506381015034015,0.1230585683060838,0.4444
2026-03-12,-0.37779621607162134,0.10621347713741097,0.6643638356279002,-0.122
2026-03-13,-0.41424531860943725,0.15335889947688958,-0.15876411259717993,-0.0476
2026-03-14,-0.36781568767527945,0.01373294961545446,0.7851366992351744,0.3333
2026-03-15,-0.28987684197539687,0.208548773705799,-0.3852681786772765,0.1765
2026-03-16,-0.47668031511150505,0.09079198880059358,0.3641451537167819,0.3103
2026-03-17,-0.1476002303352859,0.13160852902532083,-0.42933563159291394,0.3548
2026-03-18,-0.2794155389880874,0.13610613367567093,-1.1754279287486629,-0.0435
2026-03-19,-0.3706063382144001,0.176290483523847,0.15344940762931597,-0.3488
2026-03-20,-0.3199009426831965,0.17208237532429863,-0.9339641811167323,-0.1429
2026-03-21,-0.3117414278891874,0.19233468858520142,-0.01303756222511453,-0.6129
2026-03-22,-0.3274605621123705,0.1325645027196063,0.5757763103421983,-0.5745
2026-03-23,-0.21133115822886342,0.15561129040007765,0.6457479677474605,-0.1628
2026-03-24,-0.2311090227363473,0.15215021146758678,-0.26088273994688693,0.7083
2026-03-25,-0.2048638457945807,0.22233478085761926,-0.6358844558116667,0.4231
2026-03-26,-0.05179558756864908,0.2020157210521626,0.26559525651126287,-0.1875
2026-03-27,-0.10339000764617566,0.18344436897456481,0.0772881779073003,-0.4074
2026-03-28,-0.061155053466837264,0.1778508996829763,-0.2613582013157756,-0.3793
2026-03-29,-0.08311198729914139,0.20711460675525686,-1.1609671067474239,-0.6154
2026-03-30,0.1740345750839174,0.1758626467645449,-0.06898839192416899,-0.3704
2026-03-31,-0.035760149796633806,0.17722063413727895,-0.9829773273274743,-0.2157
2026-04-01,0.16015264041219818,0.16954155881602972,1.2252596555194153,0.28
2026-04-02,0.08426735978058128,0.21302890470460323,0.5046779499508809,0.0909
2026-04-03,0.11858164512971658,0.26754054114723935,-0.09038882989549657,0.75
2026-04-04,0.12330957852516446,0.16775517737333484,0.567158049791858,0.375
2026-04-05,0.19634384720560796,0.14467765063877294,-0.28582676059307816,0.4118
2026-04-06,0.28759298500829966,0.14767779687152835,0.7468339529843558,0.6667
2026-04-07,0.21645013070262448,0.2005328213928768,-0.10912641985852517,0.7308
2026-04-08,0.08401223509941097,0.18540075044226192,0.005940240583360978,0.8298
2026-04-09,0.387158390432747,0.18070203109658278,0.10298857876353147,1.0
2026-04-10,0.39868004310704636,0.20934866602170932,0.4816639554311315,0.8776
2026-04-11,0.4570082063226595,0.1334866429080381,0.16377543426049598,0.75
2026-04-12,0.30316739437267726,0.14776472390873485,-0.5468899794132801,0.7143
2026-04-13,0.3916138657540669,0.15736909846852887,-1.3763656271759415,0.8857
2026-04-14,0.35989423457446607,0.2245107210413408,-0.7467484572137075,0.9429
2026-04-15,0.5630123219218013,0.09855874218081101,0.5601347586699811,0.7627
2026-04-16,0.2808238384023764,0.1043955017356836,-0.5859704254980008,0.4762
2026-04-17,0.4022039073428913,0.13235864447574597,0.852294553635278,0.3103
2026-04-18,0.4280574933519021,0.04516764630511374,0.7749860167908916,0.7436
2026-04-19,0.39317213285333613,0.03964980532913536,-1.463550207041596,0.8333
2026-04-20,0.5364415029120012,0.11194614342107576,-1.1883653619644365,0.8947
2026-04-21,0.311033737183405,0.044654136882980394,-1.3715241692324538,0.8889
2026-04-22,0.4731413672550663,0.07589911841669582,-0.32752296143295323,0.3846
2026-04-23,0.29354910340757556,-0.05118082386047279,1.635865120886569,0.5897
2026-04-24,0.2779024168550904,0.032764132275160944,1.5396284745952282,0.9
2026-04-25,0.18422410424916769,0.007492374139753051,-0.658753756970698,0.9259
2026-04-26,0.46692266761863843,0.01237215236663286,-0.5345982359874045,0.6875
2026-04-27,0.3220928043002569,0.03830335725225491,1.4409303940225606,0.2667
2026-04-28,0.39843691900882805,-0.03223719185098905,-0.7605958598083151,0.1795
2026-04-29,0.2315858646094645,-0.05725588006317234,-0.20595622890072304,0.2
2026-04-30,0.16985621762855538,-0.0738196630209069,-0.31689672876026004,0.3043
2026-05-01,0.2496554625864012,-0.0584686507463234,-1.1081650891976267,0.76
2026-05-02,0.07653970269904892,-0.10515890872909198,-0.9032180020032441,0.9273
2026-05-03,0.22636300343626709,-0.041346560652368705,-0.7404458588226218,0.8846
2026-05-04,0.08557639444649162,-0.06508640931915241,-0.04751886414461656,0.76
2026-05-05,-0.10979673209647525,-0.1216588170223984,-1.2972410381762178,0.7368
2026-05-06,-0.037386780592102785,-0.10473177286634566,-0.5824516060412684,0.6316
2026-05-07,0.031885929341754604,-0.11452182673038147,0.4202121461008589,0.0625
2026-05-08,-0.0318752273867828,-0.1943679935981265,-0.1205005051580394,-0.1333
2026-05-09,-0.18952852123800706,-0.16350704941171712,0.896768533084204,0.5
2026-05-10,-0.13175815640766228,-0.16371432197944735,-0.3175841086530673,0.7419
2026-05-11,-0.27070009463079703,-0.14257479015078867,-0.5769465791324181,0.6216
2026-05-12,-0.14085125831129253,-0.14558319282718263,1.2966236411397412,-0.125
2026-05-13,-0.3008679455842582,-0.10976077329635293,-0.09405281759518014,0.6066
2026-05-14,-0.30647652442809464,-0.12778772477342984,0.10458648826692069,0.6119
2026-05-15,-0.16154395166386343,-0.15582417380448865,0.7978931301028598,0.1818
2026-05-16,-0.26376206011383324,-0.10728671276090453,0.5345679478730394,0.2
2026-05-17,-0.3915493866413258,-0.27286540974216866,-0.6063675202770247,-0.3778
2026-05-18,-0.3606337639295408,-0.19051500366226268,0.12813753989302712,0.0
2026-05-19,-0.4516848609446503,-0.13584772022048638,-0.5646110160235638,0.0
